,Year,Females,Males,Unknown_Sex,Offense,unknown_age,range_0_9,range_10_19,range_20_29,range_30_39,range_40_49,range_50_59,range_60_69,range_70_79,range_80_89,range_90_99
3339,2015,903,2696,489,all-offenses,957,2,888,1078,633,296,186,38,5,2,3
3340,1999,2684,26107,667,all-offenses,1368,154,10290,8666,4633,2840,1029,315,98,22,43
3341,1992,1048,365,299,all-offenses,328,3,219,68,57,13,3,1,1,0,1019
3342,1992,9,32,6,all-offenses,13,0,7,15,5,2,3,1,0,0,1
3343,1999,39,111,7,all-offenses,8,0,8,29,35,23,33,14,7,0,0
3344,2008,417,3254,250,all-offenses,461,3,735,1469,585,373,192,53,28,13,9
3345,2005,95249,130110,3906,all-offenses,14331,629,79535,54895,37236,29178,10329,2221,585,181,145
3346,2003,0,1,0,all-offenses,0,0,0,0,0,1,0,0,0,0,0
3347,1996,1002,14003,582,all-offenses,2491,29,4406,5707,2256,504,121,15,5,1,52
3348,2000,434,977,408,all-offenses,666,13,314,356,286,129,49,5,1,0,0
3349,2002,155,73,11,all-offenses,25,0,5,90,66,41,10,2,0,0,0
3350,1991,710,858,7,all-offenses,20,0,158,471,355,81,15,4,1,0,470
3351,2010,113025,414109,3414,all-offenses,7171,105,130627,211749,96449,55861,24036,3994,457,44,55
3352,2017,27,283,0,all-offenses,17,0,9,88,99,58,25,6,5,1,2
3353,1996,1922,1808,84,all-offenses,239,0,862,1487,774,322,94,29,4,0,3
3354,2017,33774,60060,16498,all-offenses,29489,91,6418,25793,23944,13431,8226,2197,474,82,187
3355,2008,7367,29475,1054,all-offenses,1601,41,12030,12030,6299,4274,1323,234,45,6,13
3356,2016,79,645,5,all-offenses,6,16,233,99,145,128,54,33,9,6,0
3357,1994,14,143,4,all-offenses,11,10,36,24,42,23,5,3,1,0,6
3358,1999,1073,2448,213,all-offenses,449,0,608,1283,891,381,93,18,3,2,6
3359,2014,1,0,0,all-offenses,0,0,0,1,0,0,0,0,0,0,0
3360,2012,31574,51765,9008,all-offenses,17517,93,6417,26262,20412,13349,6275,1515,322,78,107
3361,1996,308,1858,33,all-offenses,226,1,278,835,557,220,62,16,1,0,3
3362,2007,1074,2227,667,all-offenses,1150,14,759,878,567,412,134,28,8,0,18
3363,1999,1,3,2,all-offenses,2,0,0,0,3,1,0,0,0,0,0
3364,2012,12,199,0,all-offenses,2,0,10,68,54,44,16,14,3,0,0
3365,1997,35840,56797,1084,all-offenses,3484,793,45756,17818,14409,7639,2408,788,433,119,74
3366,1999,6311,29158,13750,all-offenses,16020,64,13337,9422,6449,2763,909,111,22,6,116
3367,2012,36537,190594,106913,all-offenses,123243,970,56025,79229,40061,21535,10333,1487,280,71,810
3368,1996,115,216,77,all-offenses,117,0,109,78,65,24,12,1,0,0,2
3369,2000,2990,39852,2603,all-offenses,11522,79,10880,14952,5439,1854,554,69,10,2,84
3370,2007,2188,13867,280,all-offenses,1700,17,2018,6024,3621,2097,659,140,39,8,12
3371,2014,341,951,125,all-offenses,295,1,161,338,279,186,116,28,9,0,4
3372,2014,316,1358,835,all-offenses,974,4,279,475,409,265,74,23,1,0,5
3373,2016,1138,33460,1159,all-offenses,4279,161,7985,9451,6613,3878,2320,775,184,41,70
3374,1994,90,4958,19,all-offenses,449,54,1158,1656,1153,400,138,38,10,0,11
3375,2007,12148,11039,539,all-offenses,1416,13,4034,8741,4970,3209,1063,243,24,5,8
3376,1998,10980,15355,3098,all-offenses,5220,57,4394,9510,7016,2404,550,113,38,6,125
3377,2017,35921,152432,91430,all-offenses,106735,697,36285,57885,44191,19642,11512,1872,331,61,572
3378,2017,23,63,2,all-offenses,4,0,5,28,24,16,8,3,0,0,0
3379,2017,76,502,8,all-offenses,14,0,80,200,106,82,57,31,14,2,0
3380,1993,14515,47931,54584,all-offenses,62412,439,17432,19210,11497,3783,1124,419,130,13,571
3381,1998,78,150,54,all-offenses,79,1,45,60,53,26,11,2,0,0,5
3382,2017,12937,67150,98135,all-offenses,106055,201,21644,24271,14857,5711,4588,468,61,15,351
3383,2007,8779,106168,4052,all-offenses,27282,213,32327,39118,12173,6053,1437,139,17,12,228
3384,2000,1121,6805,191,all-offenses,958,7,1134,2904,1913,863,228,76,16,4,14
3385,2012,10250,60815,69402,all-offenses,74558,380,22684,23940,10358,5268,2467,354,47,11,400
3386,2000,8236,8179,455,all-offenses,1265,7,4039,5829,3406,1663,513,95,13,0,40
3387,2011,14538,20048,13184,all-offenses,15771,43,4482,12949,7998,4418,1718,285,36,8,62
3388,2008,65533,160103,6945,all-offenses,23324,532,41927,63658,46669,36187,14647,4038,1101,234,264
3389,2012,178,682,3,all-offenses,11,0,216,216,128,132,99,49,11,0,1
3390,2001,32,84,8,all-offenses,15,0,17,36,25,18,9,4,0,0,0
3391,2015,320,1298,854,all-offenses,1042,9,226,416,438,217,103,14,6,0,1
3392,1996,15,158,16,all-offenses,35,0,35,38,40,22,9,4,5,1,0
3393,2015,532,1109,163,all-offenses,426,2,206,472,310,200,143,33,7,3,2
3394,1992,611,458,222,all-offenses,310,1,99,205,119,25,4,3,3,0,522
3395,1995,71,1036,5,all-offenses,57,51,383,233,225,99,37,16,7,4,0
3396,2004,5259,2646,20,all-offenses,62,1,367,2140,2701,1998,479,127,45,4,1
3397,2011,502,3449,311,all-offenses,563,4,683,1535,703,416,236,76,33,10,3
3398,2011,9013,33320,952,all-offenses,1398,18,10940,15705,8295,4658,1856,351,45,7,12
3399,1999,701,4133,1326,all-offenses,1525,397,2423,687,514,374,162,38,17,4,19
3400,1998,38635,62634,1717,all-offenses,4909,827,47595,19770,16317,9136,2859,871,435,123,144
3401,2002,1070,11155,25622,all-offenses,23641,110,4667,3484,1342,1721,2778,58,7,2,37
3402,1999,19808,71839,2720,all-offenses,8230,507,21343,27759,20494,11062,3443,973,315,83,158
3403,1991,5,6,0,all-offenses,0,0,1,4,0,3,0,0,0,0,3
3404,2004,170107,450983,7672,all-offenses,31967,3182,149663,187427,131014,90233,26197,6371,1814,466,428
3405,1999,414,520,6,all-offenses,8,1,46,270,347,172,67,22,6,1,0
3406,1997,7492,10834,1663,all-offenses,2948,11,3671,6618,4476,1732,375,67,25,3,63
3407,2004,27744,56957,24670,all-offenses,32952,353,21940,24241,15551,10300,2918,707,135,43,231
3408,1993,8575,47233,75857,all-offenses,80536,1360,23911,14480,7449,2253,614,166,52,39,805
3409,2014,855,2723,473,all-offenses,921,6,862,1169,582,296,173,27,5,3,7
3410,2000,125,748,44,all-offenses,78,3,196,193,196,140,81,20,7,0,3
3411,2001,21404,74213,311,all-offenses,734,14,28796,31355,20215,12425,2096,220,56,7,10
3412,2005,453,855,636,all-offenses,989,4,100,308,241,162,99,16,9,2,14
3413,2015,19,30,18,all-offenses,22,0,4,18,13,8,2,0,0,0,0
3414,2005,37374,48429,8997,all-offenses,15407,68,8459,31312,22256,12740,3441,757,160,37,163
3415,2017,83,316,36,all-offenses,40,0,23,66,73,101,60,55,14,3,0
3416,2004,210,2522,48,all-offenses,259,114,791,599,471,301,145,69,24,4,3
3417,2008,14796,18905,11390,all-offenses,14086,55,5704,12268,7018,4315,1303,226,21,12,83
3418,2007,379,2685,125,all-offenses,265,6,725,650,585,540,282,106,22,6,2
3419,2011,65888,159347,5811,all-offenses,19841,487,35814,64555,48818,36387,18566,4844,1294,280,160
3420,2013,136133,440760,3717,all-offenses,6293,100,122279,234780,119588,60764,30403,5731,554,54,64
3421,2012,224,670,16,all-offenses,19,0,94,159,171,181,153,109,22,1,1
3422,1997,60,108,27,all-offenses,39,0,31,50,43,19,10,2,0,0,1
3423,2002,493,19334,324,all-offenses,2301,121,5179,6009,3691,1898,634,223,54,9,32
3424,1996,33,99,1,all-offenses,1,0,15,28,18,32,24,14,1,0,0
3425,2003,40798,107789,6749,all-offenses,18842,435,27912,39381,33882,23603,7871,2417,676,154,163
3426,2004,56735,223851,123692,all-offenses,139725,4235,104433,78923,37247,25994,8062,3390,477,177,1615
3427,1993,2689,6959,984,all-offenses,1708,71,3072,3074,1762,562,174,49,15,0,145
3428,1991,349,571,543,all-offenses,696,0,137,224,113,9,1,0,0,2,281
3429,2009,15230,19293,12288,all-offenses,14899,39,5087,12864,7626,4574,1403,202,27,4,86
3430,2015,83794,204357,1082,all-offenses,1745,26,58202,112996,66415,30866,15838,2894,216,23,12
3431,1993,43,478,44,all-offenses,76,12,106,150,125,58,27,7,3,1,0
3432,1992,6,3,0,all-offenses,0,0,0,3,1,1,0,0,0,0,4
3433,2010,412,6263,105,all-offenses,483,218,2193,1443,1078,763,409,114,60,16,3
3434,2006,12324,16123,8401,all-offenses,11035,46,4455,10047,6181,3692,1036,210,51,17,78
3435,2001,282,2314,2109,all-offenses,2248,12,910,751,442,208,100,27,1,0,6
3436,2001,101,417,20,all-offenses,59,1,139,131,103,75,23,5,2,0,0
3437,2016,509,292,38,all-offenses,42,1,19,192,277,140,121,32,15,0,0
3438,1994,57,109,83,all-offenses,109,1,16,54,42,18,6,3,0,0,0
3439,2003,4910,20187,1202,all-offenses,1660,18,8829,7912,4561,2612,565,118,13,2,9
3440,1993,549,225,380,all-offenses,387,0,35,313,316,58,35,9,1,0,0
3441,2000,101,306,11,all-offenses,41,0,27,76,65,87,73,36,11,2,0
3442,1999,835,12248,297,all-offenses,1050,480,3986,2319,2596,1614,760,371,141,29,34
3443,1998,23,75,0,all-offenses,1,0,18,37,20,16,3,1,2,0,0
3444,2003,292,2013,158,all-offenses,245,0,420,968,408,266,90,33,24,3,6
3445,2002,56,532,10,all-offenses,24,14,196,92,130,79,38,18,5,0,2
3446,2017,3073,9615,709,all-offenses,1123,71,6849,1928,1506,963,615,233,92,10,7
3447,2017,73,282,19,all-offenses,35,1,41,124,91,44,26,9,3,0,0
3448,1999,127,1854,20,all-offenses,94,9,842,747,202,61,27,11,4,1,3
3449,1993,26159,111698,7130,all-offenses,12635,761,32788,48376,33827,12019,3219,929,278,48,107
3450,2007,150,588,4,all-offenses,14,0,105,124,126,143,147,59,22,2,0
3451,2014,105,275,2,all-offenses,5,0,42,146,79,62,30,10,7,1,0
3452,2012,1109,5185,230,all-offenses,446,24,2558,1201,819,699,478,230,62,4,3
3453,1996,14,115,4,all-offenses,8,0,38,38,16,12,17,4,0,0,0
3454,2003,7273,9901,3788,all-offenses,5438,21,2645,5752,4099,2178,607,153,18,2,49
3455,1995,9611,48723,200,all-offenses,1069,13,16725,21400,13969,4489,657,156,21,5,30
3456,1996,1412,16182,8181,all-offenses,9662,63,8784,3710,2010,563,876,29,8,1,69
3457,1991,602,311,436,all-offenses,497,4,116,106,47,6,4,2,0,0,567
3458,1991,7,27,7,all-offenses,8,0,7,8,14,2,0,0,0,0,2
3459,2000,11958,20865,2451,all-offenses,5861,25,4210,9889,8673,4595,1473,319,67,17,145
3460,2009,66512,163812,6612,all-offenses,22231,480,39599,66213,49199,36968,16261,4384,1112,297,192
3461,2006,7027,27911,1865,all-offenses,2363,21,10672,11487,6609,4269,1117,189,60,7,9
3462,2000,7,39,0,all-offenses,2,0,3,16,15,8,1,1,0,0,0
3463,1992,1489,2657,70,all-offenses,90,0,615,1398,987,238,33,6,1,0,848
3464,2017,1370,2616,958,all-offenses,1441,18,761,1093,841,386,311,70,7,2,14
3465,2006,428,3441,353,all-offenses,606,6,821,1500,644,406,163,50,15,7,4
3466,2004,70359,170676,87340,all-offenses,116267,1119,51387,66452,45521,31920,10333,3036,671,175,1494
3467,2015,106,318,6,all-offenses,11,0,31,159,115,65,35,9,3,2,0
3468,2007,14,139,0,all-offenses,0,0,7,63,46,23,9,3,1,1,0
3469,1996,5448,39128,11219,all-offenses,14029,423,18108,11223,7431,2326,1979,108,37,2,129
3470,2012,1226,2563,841,all-offenses,1100,12,801,1237,646,430,337,50,4,0,13
3471,2007,31939,50314,7962,all-offenses,16267,108,7979,25286,20045,13946,5066,1079,228,45,166
3472,1996,1,23,0,all-offenses,1,0,1,6,10,5,0,1,0,0,0
3473,2017,10627,10681,344,all-offenses,1034,1,2518,7503,5353,3221,1534,413,60,5,10
3474,2001,470,1878,448,all-offenses,897,7,595,725,365,146,39,11,3,2,6
3475,2009,8025,30748,1114,all-offenses,1588,26,12245,13237,6635,4361,1422,298,56,7,12
3476,1996,2860,6132,352,all-offenses,946,13,1278,2952,2498,1141,335,95,31,7,48
3477,2006,61057,151941,7361,all-offenses,23897,512,40207,58973,44847,34399,12769,3397,952,238,168
3478,2012,2453,14167,277,all-offenses,1550,14,1653,6283,4049,2164,925,215,35,3,6
3479,2007,29293,174315,86462,all-offenses,104036,1209,63417,60407,31228,21474,6478,853,179,63,726
3480,2017,3391,16711,368,all-offenses,1589,14,1908,7018,5539,2748,1263,307,61,9,14
3481,2005,43,121,2,all-offenses,6,1,35,45,30,31,11,1,4,2,0
3482,2000,4265,35830,54601,all-offenses,56327,162,17679,9696,4849,3336,1963,524,57,2,101
3483,2000,78,442,5,all-offenses,8,0,96,149,113,82,52,20,3,1,1
3484,2014,73707,189030,1009,all-offenses,1626,21,57713,103291,56075,28071,14318,2422,180,13,16
3485,2012,9465,10097,303,all-offenses,949,1,1939,7456,4714,3080,1348,326,38,7,7
3486,2012,9573,94961,4906,all-offenses,26193,142,25284,38780,11711,5124,1834,170,30,3,169
3487,2016,1566,7723,18726,all-offenses,19511,182,979,3055,2293,1081,709,123,24,2,56
3488,1994,265,4762,6214,all-offenses,6600,27,2522,1378,510,145,35,7,0,0,17
3489,2013,456,7071,104,all-offenses,484,247,2538,1588,1177,850,497,165,55,15,15
3490,2000,14428,88968,53547,all-offenses,61084,843,37956,27351,16869,8171,3010,1250,104,24,281
3491,2009,466,3445,260,all-offenses,516,3,763,1522,651,400,196,74,28,10,8
3492,2007,152,906,4,all-offenses,12,0,269,287,173,152,97,51,18,3,0
3493,1997,13,59,1,all-offenses,2,0,20,27,13,7,1,2,1,0,0
3494,2017,11427,84307,5287,all-offenses,25545,97,22241,31857,13482,4791,2472,308,34,10,184
3495,2007,8337,58261,69141,all-offenses,75302,290,22918,19552,8299,6603,2024,185,39,11,516
3496,1997,3059,2827,141,all-offenses,400,7,1395,2180,1207,628,166,32,4,0,8
3497,1999,24992,111648,76649,all-offenses,83559,3353,57297,33628,18463,9842,5635,613,214,62,623
3498,2008,880,26998,605,all-offenses,3425,142,6789,8314,4800,3178,1339,352,78,18,48
3499,1997,448,2987,96,all-offenses,412,4,493,1176,989,340,75,29,3,0,10
3500,2006,1651,15989,35518,all-offenses,37161,111,5059,5479,2138,2235,727,151,7,5,85
3501,2013,97,284,4,all-offenses,7,0,38,135,99,57,32,15,2,0,0
3502,1996,26253,44105,590,all-offenses,2293,649,34795,13804,11046,5493,1684,688,357,110,29
3503,2005,6495,87582,4023,all-offenses,22692,163,24489,32894,11407,5030,1137,145,26,10,107
3504,2005,10267,9500,420,all-offenses,1339,10,3137,7250,4571,2805,888,145,30,3,9
3505,2012,80,177,3,all-offenses,9,1,44,98,54,29,19,5,1,0,0
3506,1998,61,424,30,all-offenses,62,2,92,94,109,100,42,8,3,2,1
3507,2005,2029,12641,275,all-offenses,1605,14,1889,5541,3302,1920,518,114,25,7,10
3508,2017,96,240,8,all-offenses,9,0,37,129,79,55,25,5,4,1,0
3509,1997,1301,17419,865,all-offenses,3503,20,5560,6773,2702,701,179,16,3,2,126
3510,2016,63236,158338,5853,all-offenses,17215,540,31018,61376,52849,33046,22240,6893,1711,407,132
3511,1994,3509,12980,614,all-offenses,1710,36,3504,4779,4170,1919,687,190,65,7,36
3512,2005,805,1618,756,all-offenses,1130,7,529,670,442,289,84,17,10,0,1
3513,2000,57896,88565,3163,all-offenses,10196,954,63261,31060,23227,14391,4476,1296,451,140,172
3514,2009,1632,13219,28246,all-offenses,28998,35,4118,4811,2027,2265,604,146,21,4,68
3515,2015,568,7881,169,all-offenses,655,298,2648,1840,1396,888,624,184,61,13,11
3516,2004,1480,21970,439,all-offenses,1778,720,7697,4277,3922,3018,1462,671,256,60,28
3517,1995,15,86,2,all-offenses,5,4,43,13,18,15,3,1,0,0,1
3518,2016,657,4297,454,all-offenses,790,2,772,1952,927,476,316,115,39,16,3
3519,1994,82,721,67,all-offenses,86,0,214,325,136,74,21,8,6,0,0
3520,1995,55,605,90,all-offenses,120,1,300,157,123,29,7,3,1,0,9
3521,1991,8039,10119,2028,all-offenses,2358,9,2162,5171,3189,864,162,52,9,1,6209
3522,1997,115,335,179,all-offenses,232,1,143,114,91,32,6,1,1,2,6
3523,2004,292,4353,43,all-offenses,219,32,1957,1673,480,203,79,26,12,0,7
3524,1993,198,1131,833,all-offenses,916,108,631,207,176,63,30,10,4,2,15
3525,2003,182,92,17,all-offenses,36,2,8,71,100,56,14,4,0,0,0
3526,2010,49440,145405,715,all-offenses,1839,35,51625,73259,34375,23327,9636,1330,96,16,22
3527,2008,106,1191,8,all-offenses,45,15,384,201,281,206,103,52,13,1,4
3528,2016,14036,45057,1722,all-offenses,2419,32,12465,21292,15032,6379,2638,454,74,16,14
3529,1994,579,2844,71,all-offenses,152,7,1695,898,521,165,46,8,2,0,0
3530,2007,117531,145203,4221,all-offenses,18358,534,93647,67507,39972,31851,11953,2332,550,155,96
3531,2017,88,743,1,all-offenses,7,0,26,206,213,190,112,68,9,1,0
3532,1993,9534,42631,2847,all-offenses,5685,313,13989,17437,11054,4415,1437,471,142,34,35
3533,1993,64,193,15,all-offenses,18,0,14,91,100,34,8,5,2,0,0
3534,2000,132,250,92,all-offenses,146,2,76,102,76,51,16,5,0,0,0
3535,2011,848,28167,718,all-offenses,3676,112,6775,8429,5075,3411,1637,433,121,30,34
3536,1998,613,3677,119,all-offenses,504,5,611,1520,1155,464,103,33,7,0,7
3537,2005,217,1738,83,all-offenses,166,6,405,413,399,362,178,81,21,4,3
3538,2014,489,7282,145,all-offenses,601,249,2583,1656,1199,846,536,174,55,11,6
3539,1998,3886,3588,266,all-offenses,522,4,1703,2873,1676,678,222,35,7,3,17
3540,2001,47883,215141,1706,all-offenses,4358,68,80137,96813,48700,27900,5608,856,142,21,127
3541,2007,34020,43985,6628,all-offenses,12497,76,7156,28021,20032,12162,3795,646,144,27,77
3542,2006,325,147,24,all-offenses,36,0,15,136,161,94,39,6,3,0,6
3543,1997,33,224,22,all-offenses,42,2,52,65,57,33,18,5,2,1,2
3544,1999,34722,97706,53096,all-offenses,68252,1002,36993,35464,24888,12352,4729,942,290,59,553
3545,2007,563,908,778,all-offenses,1146,11,116,327,338,183,103,4,6,0,15
3546,1998,1889,22323,1117,all-offenses,5132,64,6770,8252,3701,1003,213,25,6,2,161
3547,2013,67170,178639,923,all-offenses,1361,21,57916,96891,49171,26305,12845,2056,130,20,16
3548,2016,18378,26548,15325,all-offenses,18873,33,4402,15998,11825,5802,2686,454,107,14,57
3549,1994,589,963,212,all-offenses,321,0,369,675,305,67,13,5,0,1,8
3550,2000,18817,24295,4608,all-offenses,8208,39,6570,15608,11048,4603,1234,232,49,13,116
3551,1992,31,735,25,all-offenses,69,16,244,188,168,66,27,10,1,1,1
3552,1993,851,9218,548,all-offenses,823,42,3947,3094,1628,698,239,84,23,6,33
3553,2010,117,377,3,all-offenses,13,0,61,190,107,69,40,12,4,1,0
3554,1995,102,602,48,all-offenses,128,0,239,234,124,23,4,0,0,0,0
3555,1993,23,75,3,all-offenses,3,0,9,14,20,22,22,8,1,0,2
3556,2003,1262,12823,27802,all-offenses,28215,28,4927,4110,1679,1894,871,74,47,2,40
3557,1996,42,68,20,all-offenses,36,0,26,35,23,7,1,1,1,0,0
3558,2011,101,1022,10,all-offenses,24,22,289,186,256,184,99,51,15,3,4
3559,1996,4553,6806,477,all-offenses,1084,8,2492,4095,2959,884,233,43,15,0,23
3560,1993,204,443,42,all-offenses,122,0,184,235,97,34,10,2,1,0,4
3561,1998,275,531,246,all-offenses,345,5,195,213,169,85,23,6,2,0,9
3562,2009,526,274,50,all-offenses,82,0,32,240,236,167,72,20,1,0,0
3563,1993,1831,11237,10971,all-offenses,12032,15,5793,3580,1787,529,113,26,8,0,156
3564,2017,27159,44889,9825,all-offenses,16173,36,5302,22993,20321,9957,5369,1339,251,46,86
3565,2005,114,520,16,all-offenses,20,0,110,132,127,113,70,66,12,0,0
3566,2004,7092,55226,1432,all-offenses,3183,246,20469,21307,8840,6347,2385,715,203,34,21
3567,1998,10189,63912,31766,all-offenses,37386,737,29119,18633,12279,4429,2404,209,72,17,582
3568,2008,444,299,38,all-offenses,60,0,32,234,205,160,71,15,3,1,0
3569,2003,65,770,13,all-offenses,32,24,282,127,176,115,59,24,9,0,0
3570,2012,27473,37787,6562,all-offenses,10646,50,4886,24030,17521,9516,4033,832,205,41,62
3571,2002,291,1899,160,all-offenses,267,1,367,892,428,232,103,29,19,9,3
3572,2004,90,439,10,all-offenses,14,0,66,105,118,89,90,48,8,1,0
3573,2004,7408,11512,2909,all-offenses,4496,34,2186,6430,4840,2842,749,196,28,4,24
3574,1997,79,221,0,all-offenses,10,0,11,46,58,88,53,24,10,0,0
3575,2002,4323,18291,1093,all-offenses,1497,14,8285,7195,3957,2134,473,117,16,8,11
3576,2012,663,1097,1237,all-offenses,1820,9,88,364,312,233,125,31,2,2,11
3577,2013,347,923,86,all-offenses,213,1,168,359,266,182,113,45,5,2,2
3578,2013,344,1527,976,all-offenses,1183,5,378,473,404,251,135,12,4,1,1
3579,2011,1525,12065,25913,all-offenses,27382,34,2842,4702,2378,1386,601,96,20,4,58
3580,2016,431,616,87,all-offenses,161,2,49,227,243,177,159,76,36,3,1
3581,2004,12243,54419,26555,all-offenses,31247,163,19656,19597,12574,7487,1660,382,41,19,391
3582,1998,40,270,3,all-offenses,6,0,66,92,46,50,31,19,3,0,0
3583,2004,0,1,0,all-offenses,0,0,1,0,0,0,0,0,0,0,0
3584,1998,2887,27270,30364,all-offenses,33441,133,14298,6628,3463,1110,1066,36,8,8,330
3585,2017,968,1800,2133,all-offenses,3192,8,129,469,512,314,192,66,9,2,8
3586,2013,4,3,0,all-offenses,7,0,0,0,0,0,0,0,0,0,0
3587,1991,12,555,77,all-offenses,106,26,175,126,133,54,14,10,0,0,0
3588,2004,0,0,1,all-offenses,1,0,0,0,0,0,0,0,0,0,0
3589,2015,157859,461272,3881,all-offenses,6418,100,117941,247947,141513,66228,34920,7137,693,81,34
3590,1995,0,19,0,all-offenses,3,0,1,3,5,5,2,0,0,0,0
3591,2002,35125,92671,7315,all-offenses,18227,472,24326,33244,29761,19473,6765,1995,563,121,164
3592,1998,1,16,0,all-offenses,0,0,3,3,5,3,2,1,0,0,0
3593,2003,530,19505,323,all-offenses,2383,118,5087,5918,3566,2209,757,228,55,15,22
3594,2010,1048,3475,524,all-offenses,1165,9,1326,1455,621,293,142,22,3,1,10
3595,1998,6897,13096,1389,all-offenses,2972,71,2707,6412,5386,2639,818,208,51,10,108
3596,2005,86,684,5,all-offenses,12,0,229,222,112,95,61,31,13,0,0
3597,2005,7725,52271,65052,all-offenses,69838,317,20055,18000,7672,5727,1779,906,152,102,500
3598,2009,103,1341,4,all-offenses,53,18,412,231,323,217,128,44,17,2,3
3599,2000,37,131,2,all-offenses,7,1,41,68,25,16,9,2,1,0,0
3600,2001,261,4004,57,all-offenses,328,240,1706,735,682,391,149,60,20,2,9
3601,2014,144825,450984,3756,all-offenses,6248,96,119773,240728,129225,63121,33106,6484,660,60,64
3602,1997,7894,50149,21578,all-offenses,25060,463,23350,15202,9804,3327,1976,174,35,12,218
3603,1999,1557,2113,11,all-offenses,47,1,160,1106,1396,687,198,64,18,2,2
3604,2011,558,399,29,all-offenses,40,1,43,289,304,186,90,29,4,0,0
3605,1993,334,4998,312,all-offenses,621,128,1461,1165,1145,635,273,144,52,16,4
3606,1997,37,188,3,all-offenses,5,0,45,46,42,34,36,13,7,0,0
3607,2013,909,3307,428,all-offenses,894,5,1237,1401,604,278,177,27,2,4,15
3608,2007,48,131,6,all-offenses,6,1,31,67,31,26,16,4,1,1,1
3609,2008,1806,15553,28531,all-offenses,29739,55,4842,5457,2506,2426,651,140,16,4,54
3610,2004,1166,6326,2321,all-offenses,2693,343,3696,1176,804,683,291,78,24,5,20
3611,1997,2313,20560,20170,all-offenses,21780,85,11035,5480,2786,811,850,23,9,6,178
3612,1993,31,635,4,all-offenses,9,2,317,234,76,24,4,1,2,0,1
3613,2004,1711,1455,10,all-offenses,18,0,144,865,1039,794,224,63,24,5,0
3614,1999,85618,251137,5219,all-offenses,19001,2208,77950,100129,83512,42907,11665,2880,885,234,603
3615,1998,100,275,13,all-offenses,13,4,33,68,78,75,73,31,12,1,0
3616,2005,26343,152011,83648,all-offenses,97646,937,54293,53088,29263,18922,5274,1668,180,69,662
3617,2006,769,27060,520,all-offenses,3535,129,6704,8492,4787,3070,1161,344,69,18,40
3618,2004,33354,119082,4308,all-offenses,14984,568,34177,48528,28920,20317,6723,1717,524,129,157
3619,1995,3230,12661,21,all-offenses,87,1,5548,5234,3779,1113,128,19,3,0,0
3620,2005,10,85,0,all-offenses,0,0,9,30,32,10,11,3,0,0,0
3621,1999,14207,33223,18464,all-offenses,23506,250,14915,12373,8521,4394,1469,241,73,18,134
3622,2005,29624,47644,9665,all-offenses,17397,86,6995,23756,19885,13017,4274,1081,194,87,161
3623,1996,14,53,0,all-offenses,0,0,17,22,14,6,5,0,2,1,0
3624,1992,12331,12350,1464,all-offenses,1868,10,2525,6221,4147,1192,214,63,9,0,9896
3625,2006,98,1144,5,all-offenses,42,23,397,183,259,197,94,38,7,3,4
3626,2012,182511,193756,8715,all-offenses,26070,464,98122,118027,68432,44584,22838,5036,971,232,206
3627,1997,2,35,0,all-offenses,7,0,1,12,11,5,1,0,0,0,0
3628,1999,116,1484,38,all-offenses,158,53,440,325,327,173,112,35,8,2,5
3629,2009,899,28001,628,all-offenses,3626,135,7010,8567,4993,3243,1443,376,89,14,32
3630,1997,5457,9875,1033,all-offenses,2066,22,2167,4902,4340,2007,552,148,51,3,107
3631,2017,183926,232975,11409,all-offenses,45797,494,72154,121477,99121,49854,30118,7582,1296,240,177
3632,2002,6662,8993,3581,all-offenses,5154,22,2555,5392,3694,1766,477,108,13,3,52
3633,2010,371,893,64,all-offenses,191,0,158,365,256,229,93,25,5,5,1
3634,2010,401,1866,1328,all-offenses,1608,2,411,701,426,315,101,22,3,1,5
3635,2006,506,911,704,all-offenses,1102,3,93,294,290,199,107,22,5,0,6
3636,2003,78764,114353,4038,all-offenses,14158,808,72779,44651,32029,23065,7190,1688,540,148,99
3637,2015,347,2905,115,all-offenses,324,74,838,746,584,373,251,118,41,10,8
3638,2007,438,267,17,all-offenses,33,0,35,196,216,162,60,16,2,2,0
3639,2013,6,5,25,all-offenses,26,0,1,1,2,3,2,1,0,0,0
3640,2015,41328,74339,23147,all-offenses,31233,202,18680,37706,26493,13871,8343,1773,322,60,131
3641,2010,45447,150251,6402,all-offenses,19367,539,36847,66931,36911,25359,11928,3059,813,198,148
3642,2000,173,59,10,all-offenses,21,0,15,69,80,42,9,5,0,0,1
3643,2001,42171,176621,111357,all-offenses,122336,4290,85439,56622,30276,17503,9610,3215,328,134,396
3644,2002,563,1231,433,all-offenses,713,7,358,495,367,200,69,15,3,0,0
3645,2016,130,335,9,all-offenses,23,0,17,98,87,86,87,51,23,2,0
3646,1994,45,152,6,all-offenses,9,0,18,40,35,48,37,16,0,0,0
3647,2010,2346,1503,14,all-offenses,33,0,154,1237,1074,916,307,105,30,7,0
3648,2011,57,146,4,all-offenses,7,0,36,80,42,28,9,5,0,0,0
3649,2010,1373,7021,2602,all-offenses,3051,307,3719,1688,939,723,418,104,24,8,15
3650,1993,1128,4898,54,all-offenses,95,0,1695,2149,1557,477,75,17,3,0,12
3651,2006,36269,46607,7747,all-offenses,13907,84,7942,29814,20939,13116,3766,720,157,43,135
3652,2002,8588,8690,462,all-offenses,1238,13,3277,6221,4057,2110,683,102,18,3,18
3653,2013,11123,79371,2775,all-offenses,5406,285,19736,35601,16504,8566,5043,1624,413,68,23
3654,1991,31404,21668,29570,all-offenses,35720,98,4499,8399,5959,1426,501,195,50,10,25785
3655,2009,578,1004,826,all-offenses,1350,9,89,300,291,231,106,18,3,3,8
3656,2002,1404,8431,240,all-offenses,1165,8,1348,3733,2256,1186,278,68,16,6,11
3657,1995,34,770,2,all-offenses,13,4,355,325,71,27,8,1,2,0,0
3658,2015,236812,523087,8272,all-offenses,28677,2699,130422,239267,174301,106362,63880,16929,4126,1197,311
3659,2013,112,384,19,all-offenses,27,0,50,73,76,95,98,75,20,1,0
3660,2004,177,566,45,all-offenses,143,1,125,167,152,122,45,28,2,1,2
3661,2004,338,2279,2273,all-offenses,2499,7,757,682,497,307,59,38,2,0,42
3662,1995,333,4689,62,all-offenses,314,160,1379,978,1139,594,315,142,50,9,4
3663,2013,12746,16975,7768,all-offenses,9606,43,2569,10095,7922,4553,2071,398,79,16,137
3664,2009,30064,41959,6766,all-offenses,11852,64,6285,26367,17939,11065,4116,842,168,44,47
3665,2015,5036,3758,41,all-offenses,73,1,444,3187,2361,1512,898,290,54,12,3
3666,2013,13570,49553,24887,all-offenses,28630,119,12730,21149,14158,7289,3150,495,89,13,188
3667,1996,221,52,0,all-offenses,12,0,10,103,92,42,10,4,0,0,0
3668,2002,4176,51579,3011,all-offenses,14298,111,13706,19743,7287,2606,841,86,12,5,71
3669,2013,0,38,0,all-offenses,0,0,21,4,4,3,3,3,0,0,0
3670,2010,79,531,15,all-offenses,47,0,115,101,88,118,96,50,8,1,1
3671,2017,1090,35177,1288,all-offenses,4760,215,8621,9554,6697,3945,2618,817,180,47,101
3672,2001,50478,132073,74361,all-offenses,94821,1049,46219,48517,33989,19846,10136,1515,417,116,287
3673,1992,35,273,3,all-offenses,13,6,64,72,84,43,12,16,1,0,0
3674,2016,35732,157978,85794,all-offenses,99459,1131,38197,63733,43723,19130,11322,1837,283,78,614
3675,1994,4402,32872,25654,all-offenses,27988,370,14651,10989,6608,1785,350,78,17,6,86
3676,2000,753,8360,17378,all-offenses,17645,29,3461,2472,1129,1272,405,45,5,0,28
3677,2009,166794,177700,5089,all-offenses,20306,497,120603,99251,50567,37430,16381,3407,779,202,160
3678,2014,229757,513398,7777,all-offenses,27901,2652,130911,236379,166182,105491,60442,15629,3927,1066,352
3679,2010,9138,71838,1810,all-offenses,3885,310,22806,30130,12699,7520,3880,1186,298,53,19
3680,2012,887,29260,777,all-offenses,3898,166,6809,8623,5297,3600,1845,466,140,38,42
3681,1993,5,24,2,all-offenses,2,0,5,3,7,6,6,0,1,1,0
3682,2016,12493,63858,80702,all-offenses,86997,871,19862,24722,14401,5462,3826,459,62,8,383
3683,1994,1146,12900,23333,all-offenses,24379,77,7697,3216,1513,385,73,16,3,0,20
3684,2016,5,44,1,all-offenses,8,0,3,17,14,5,3,0,0,0,0
3685,2016,94,459,8,all-offenses,25,0,89,156,89,88,70,31,12,1,0
3686,1994,21,154,15,all-offenses,18,0,36,49,28,39,11,9,0,0,0
3687,2010,11273,47580,26760,all-offenses,31247,159,14117,18662,11167,7019,2601,403,74,15,149
3688,1992,8973,4597,4134,all-offenses,4692,42,1913,2004,1265,317,105,28,5,1,7332
3689,1999,31546,147399,1289,all-offenses,3401,106,54124,64164,36282,18122,3236,444,103,26,226
3690,2008,36,130,1,all-offenses,6,3,29,58,28,24,15,3,0,0,1
3691,2007,1635,15225,27795,all-offenses,29268,97,4584,5199,2275,2338,658,97,25,2,112
3692,2010,11956,16288,8022,all-offenses,10638,50,2800,9431,6971,4232,1723,334,37,12,38
3693,2014,5337,3278,27,all-offenses,101,0,461,3233,2350,1482,737,214,51,12,1
3694,2003,239,502,256,all-offenses,409,1,70,171,177,126,31,9,2,0,1
3695,2010,12,4,2,all-offenses,5,0,0,2,5,3,1,2,0,0,0
3696,2014,320,2780,110,all-offenses,304,89,761,709,567,363,266,106,33,8,4
3697,2006,93525,130502,3879,all-offenses,17163,617,77773,54721,35635,28264,10703,2118,596,178,138
3698,1996,317,4873,3991,all-offenses,4508,20,2466,1161,571,213,195,11,1,0,35
3699,1992,17280,81989,5072,all-offenses,9337,509,20373,35893,25898,8814,2399,825,218,36,39
3700,2002,118,1043,79,all-offenses,140,3,243,224,274,191,111,41,12,1,0
3701,2016,34155,60522,14926,all-offenses,27254,214,5917,27195,24634,13687,7903,2156,422,82,139
3702,1991,32823,18705,29876,all-offenses,31489,384,6637,7612,4052,1285,350,157,33,15,29390
3703,1994,1229,3092,86,all-offenses,402,0,486,1480,1325,486,141,33,5,3,46
3704,2017,80,743,8,all-offenses,25,9,228,133,178,139,64,31,15,6,3
3705,2004,721,2477,570,all-offenses,1135,10,742,976,544,268,70,15,1,0,7
3706,2016,35,268,0,all-offenses,8,0,14,89,102,58,15,8,7,2,0
3707,1994,1,13,0,all-offenses,0,0,0,7,6,0,0,1,0,0,0
3708,2013,1470,6300,2074,all-offenses,2406,239,2944,1703,1105,753,504,139,28,10,13
3709,2014,42016,77483,23112,all-offenses,30690,253,21029,40187,26110,14101,8039,1686,291,68,157
3710,2013,2590,1814,12,all-offenses,58,0,204,1631,1249,724,383,120,30,16,1
3711,2013,42027,141578,6159,all-offenses,17301,453,26863,63271,39034,24078,13962,3539,861,238,164
3712,2012,125,1226,12,all-offenses,26,24,386,234,251,210,129,57,23,6,17
3713,2003,29038,36623,7637,all-offenses,12861,46,7045,23680,17281,9522,2211,441,99,19,93
3714,1992,645,191,52,all-offenses,52,0,30,210,196,48,11,5,0,0,336
3715,1996,18,183,1,all-offenses,6,2,64,32,49,28,15,3,3,0,0
3716,1995,2400,12496,1944,all-offenses,2701,26,6800,3981,2429,675,152,26,11,0,39
3717,2011,27052,37804,6385,all-offenses,10549,62,5137,23728,16806,9794,4021,862,189,38,55
3718,1991,7,154,1,all-offenses,6,5,41,51,41,11,3,3,1,0,0
3719,2006,63,137,2,all-offenses,6,1,45,74,43,19,10,3,0,1,0
3720,2016,10914,10941,325,all-offenses,922,3,2455,7845,5631,3260,1566,413,68,6,11
3721,1994,384,391,14,all-offenses,70,0,115,300,198,78,24,4,0,0,0
3722,2007,791,26917,502,all-offenses,3533,132,6576,8286,4844,3144,1211,339,94,26,25
3723,2005,57640,144990,7241,all-offenses,23523,569,37332,55139,44206,32807,11762,3297,880,189,167
3724,2013,2392,28051,609,all-offenses,2001,999,8610,5620,5259,3804,2596,1323,530,143,167
3725,1995,192,337,23,all-offenses,79,0,118,177,118,51,5,2,1,0,1
3726,2016,3094,16245,370,all-offenses,1524,3,1641,7037,5414,2508,1237,287,47,6,5
3727,1994,518,2160,101,all-offenses,357,1,347,1012,762,209,57,19,10,1,4
3728,2014,72841,233768,95627,all-offenses,108315,3181,79422,102240,56314,29784,17592,3726,883,199,580
3729,2013,468,4718,61,all-offenses,155,35,2202,1870,544,264,103,42,17,1,14
3730,2017,1763,8333,22229,all-offenses,23237,19,1012,3028,2569,1287,936,141,31,6,59
3731,1995,38,78,0,all-offenses,1,0,3,31,28,35,12,6,0,0,0
3732,1998,2447,3612,875,all-offenses,1383,19,1339,2179,1336,455,149,35,4,1,34
3733,1993,87,793,156,all-offenses,293,1,229,356,139,14,0,0,0,0,4
3734,1991,5198,3403,6466,all-offenses,7068,29,986,1555,1041,273,78,26,5,1,4005
3735,2016,11085,88077,5382,all-offenses,25523,175,23332,34502,13517,4574,2419,308,41,11,142
3736,1995,963,10074,119,all-offenses,281,46,4280,3121,2046,913,305,110,47,6,1
3737,2012,1566,10483,21251,all-offenses,22632,67,2039,4006,2273,1401,646,119,18,5,94
3738,1994,938,15270,1575,all-offenses,3911,30,4510,6449,2341,432,47,12,1,0,50
3739,1997,11308,32799,2519,all-offenses,5725,114,9094,11701,11197,5723,2076,612,182,35,167
3740,2000,342,15195,229,all-offenses,1814,111,4117,4636,2908,1450,508,151,36,6,29
3741,2011,584,1053,1101,all-offenses,1673,5,79,320,285,221,121,18,6,1,9
3742,2005,7135,27652,2921,all-offenses,3355,56,10592,11698,6603,4173,957,207,37,8,22
3743,2015,94043,198323,94616,all-offenses,115467,932,44928,89929,66957,38031,23485,5327,1154,262,510
3744,2004,37,126,6,all-offenses,5,0,13,65,38,34,12,1,1,0,0
3745,1991,11328,57181,10994,all-offenses,16478,259,11987,24564,18383,5678,1459,505,126,14,50
3746,2009,53,171,1,all-offenses,5,0,51,84,29,26,17,8,4,1,0
3747,2000,43,410,9,all-offenses,41,5,126,64,99,86,24,12,3,1,1
3748,1997,123,812,50,all-offenses,69,1,251,328,194,84,32,15,7,4,0
3749,1992,53789,22438,20105,all-offenses,21707,686,10290,7716,4150,1272,325,104,40,12,50030
3750,1996,113,5319,22,all-offenses,399,36,1380,1762,1176,458,178,40,10,1,14
3751,2002,54,214,5,all-offenses,10,0,16,39,45,60,64,30,9,0,0
3752,1997,1707,7787,452,all-offenses,682,27,4432,2570,1502,581,116,24,5,1,6
3753,2016,1258,2527,775,all-offenses,1224,9,643,1117,798,396,286,68,10,4,5
3754,1994,51,134,155,all-offenses,182,0,43,59,33,18,4,1,0,0,0
3755,2007,103,1242,7,all-offenses,47,26,427,207,274,217,90,39,20,4,1
3756,2008,139575,160524,4374,all-offenses,18244,595,111058,80119,43330,33381,13924,2903,670,148,101
3757,2005,433,3198,389,all-offenses,651,7,673,1416,631,393,161,43,19,10,16
3758,1991,301,115,138,all-offenses,139,0,21,120,87,23,3,6,3,0,152
3759,2014,96737,208311,93557,all-offenses,113747,984,48458,96922,67449,39494,24349,5232,1136,257,577
3760,2012,648,424,24,all-offenses,38,2,32,308,356,220,95,29,14,1,1
3761,1995,141,332,1,all-offenses,3,0,19,184,170,69,15,10,2,0,2
3762,1995,9749,37676,796,all-offenses,2349,272,12445,15017,10910,4928,1535,525,158,30,52
3763,2008,31519,41590,6804,all-offenses,12292,56,6831,26145,18405,11326,3858,776,140,23,61
3764,2001,133693,371815,7042,all-offenses,26918,3214,117151,151976,119224,68430,18649,4498,1415,366,709
3765,2017,462,358,46,all-offenses,58,0,19,239,261,134,97,53,5,0,0
3766,1995,270,1723,203,all-offenses,286,138,1056,305,235,109,46,9,8,1,3
3767,2005,10802,13492,6015,all-offenses,7987,27,3579,8769,5614,3146,840,200,45,21,81
3768,1998,15216,42912,3869,all-offenses,8532,228,11955,15104,14471,7631,2805,713,237,56,265
3769,2002,4,62,0,all-offenses,0,0,2,19,22,14,5,4,0,0,0
3770,1993,28,85,27,all-offenses,41,0,20,31,27,10,2,8,1,0,0
3771,1999,174,2976,43,all-offenses,189,153,1154,611,561,303,137,62,17,2,4
3772,2002,17412,30452,4489,all-offenses,9448,44,5051,14441,12639,7548,2424,545,109,15,89
3773,2016,2762,8814,599,all-offenses,951,53,6164,1773,1295,950,629,252,88,10,10
3774,2016,42,179,6,all-offenses,20,0,12,98,64,20,9,3,1,0,0
3775,1993,107,849,587,all-offenses,659,5,451,254,105,41,16,4,2,0,6
3776,1994,11,133,16,all-offenses,26,0,42,28,29,23,4,4,2,0,2
3777,2008,605,918,790,all-offenses,1233,7,108,346,291,214,82,14,4,2,12
3778,2001,3432,2014,13,all-offenses,40,0,240,1466,2136,1186,258,82,25,2,24
3779,1997,1952,2737,539,all-offenses,952,1,1149,1671,987,341,94,11,3,0,19
3780,2001,190,2063,51,all-offenses,186,61,633,547,489,244,96,29,14,3,2
3781,1992,49899,23638,18936,all-offenses,23714,229,6646,9319,6572,1717,589,233,62,20,43372
3782,1998,174,1051,50,all-offenses,92,0,249,462,238,136,69,18,8,3,0
3783,2003,50,135,2,all-offenses,6,1,36,64,32,32,9,1,5,1,0
3784,2010,2263,27916,629,all-offenses,2190,839,9047,5548,5167,3963,2396,1096,417,119,26
3785,2002,17975,110958,63504,all-offenses,73054,907,44039,36365,20758,11170,4005,1658,92,28,361
3786,2002,63,571,4,all-offenses,13,0,172,167,80,132,49,14,10,1,0
3787,2001,22293,49366,26590,all-offenses,33711,338,19873,19778,13549,7616,2647,486,104,26,121
3788,2015,76560,241631,100457,all-offenses,115293,2864,79016,105094,60801,30999,18613,4239,1010,241,478
3789,2002,5643,43489,61400,all-offenses,63592,306,19950,13028,5680,3957,3163,595,22,5,234
3790,1998,2159,10200,592,all-offenses,853,19,5284,3524,2066,915,208,52,13,2,15
3791,2004,35444,104418,531,all-offenses,1221,18,34062,47800,29422,22482,4876,420,57,11,24
3792,2010,464,5474,75,all-offenses,261,29,2579,2066,603,300,106,41,18,5,5
3793,2011,165345,168623,6756,all-offenses,21042,443,100544,100567,55708,38445,18622,4172,857,203,121
3794,2003,4247,52468,2708,all-offenses,14451,143,13470,20238,7338,2968,653,81,12,3,66
3795,1992,12,486,8,all-offenses,20,2,242,177,44,14,2,4,1,0,0
3796,2009,893,4216,205,all-offenses,395,9,1869,990,751,662,424,162,47,2,3
3797,2001,3347,6673,1034,all-offenses,1628,7,1723,3812,2387,1138,291,48,10,1,9
3798,2001,1,4,0,all-offenses,0,0,0,0,0,4,0,0,0,0,1
3799,2001,9036,44215,26470,all-offenses,29769,88,18751,14230,9438,4749,2373,200,23,13,87
3800,2011,15,211,0,all-offenses,0,0,13,68,78,44,15,5,2,1,0
3801,2001,4560,39578,1330,all-offenses,2483,221,15483,14196,6466,4281,1623,491,152,33,39
3802,2003,1427,8878,243,all-offenses,1089,21,1317,3889,2529,1251,340,89,13,2,8
3803,2011,29731,49517,8486,all-offenses,16544,66,6355,24729,19186,13040,5944,1432,284,57,97
3804,2001,65,276,5,all-offenses,7,0,48,79,78,61,52,16,5,0,0
3805,2010,88709,205058,97947,all-offenses,123184,1213,59632,92011,54224,37853,18049,3872,922,217,537
3806,2003,8304,8183,486,all-offenses,1267,12,2665,5968,3879,2258,756,126,20,2,20
3807,1992,134,2277,23,all-offenses,113,68,608,538,567,276,145,78,31,10,0
3808,1991,663,361,119,all-offenses,143,24,147,92,101,27,13,5,5,1,585
3809,2014,471,4553,52,all-offenses,183,24,2069,1819,562,243,127,39,8,2,0
3810,2013,73046,241288,98916,all-offenses,112532,3120,82566,106761,55298,30558,17136,3348,863,195,873
3811,1991,7358,33337,13286,all-offenses,17795,162,7917,13068,9560,3535,1211,507,157,32,37
3812,1997,387,102,4,all-offenses,11,0,31,206,146,75,19,2,1,2,0
3813,2006,261,2194,122,all-offenses,246,7,518,576,460,414,246,90,17,3,0
3814,1991,43,16,18,all-offenses,18,0,0,23,16,4,1,0,1,0,14
3815,1999,18,61,9,all-offenses,10,0,11,34,11,14,6,2,0,0,0
3816,2003,544,1222,459,all-offenses,763,2,355,460,372,195,60,16,2,0,0
3817,2011,34889,193209,112159,all-offenses,129033,1022,61118,78935,37183,21490,9142,1374,289,80,591
3818,2011,184,819,8,all-offenses,10,0,265,204,105,171,142,98,14,2,0
3819,2012,15754,21291,11753,all-offenses,14522,56,4624,13851,8637,4786,1891,301,51,3,76
3820,2008,116,430,8,all-offenses,15,0,80,80,91,96,109,71,11,1,0
3821,2011,9748,62631,72648,all-offenses,77668,243,25678,23559,9562,5091,2320,375,48,15,468
3822,1993,5843,32788,771,all-offenses,1486,14,9211,15811,9578,2675,442,94,15,2,74
3823,2001,0,0,0,all-offenses,0,0,0,0,0,0,0,0,0,0,0
3824,2014,2539,28578,655,all-offenses,2035,964,8753,5735,5435,3789,2947,1269,526,164,155
3825,2005,466,211,18,all-offenses,45,1,25,187,193,127,79,29,5,0,4
3826,2002,74282,109214,3869,all-offenses,13517,905,70989,42022,30758,20472,6359,1547,535,148,113
3827,1998,412,5430,7491,all-offenses,8290,40,2465,1358,676,273,126,15,2,0,88
3828,2017,18714,26734,16239,all-offenses,20307,36,4720,15607,11961,5559,2849,509,76,14,49
3829,2015,447,4538,55,all-offenses,193,23,2046,1775,571,280,98,33,16,2,3
3830,2002,26638,33592,6036,all-offenses,10790,28,7205,22152,15926,7735,1904,322,92,20,92
3831,2012,472,3544,301,all-offenses,578,2,609,1577,752,418,231,90,34,16,10
3832,2001,953,5992,2083,all-offenses,2409,443,3538,1048,720,575,217,55,9,5,9
3833,1995,26347,97712,764,all-offenses,3675,706,30169,39905,32702,12900,3292,991,291,50,142
3834,2001,27992,101252,3916,all-offenses,13218,583,29330,40614,26381,15735,5151,1418,452,89,189
3835,2009,9083,103169,4717,all-offenses,26637,162,31563,40138,11084,5293,1656,153,20,9,254
3836,2010,79028,268343,123063,all-offenses,142861,3988,109171,113038,51112,31777,14027,2744,701,217,798
3837,2003,132,1332,90,all-offenses,167,2,271,303,296,281,169,50,9,1,5
3838,2006,996,2222,848,all-offenses,1348,15,785,900,542,328,107,26,6,2,7
3839,2017,766,4587,554,all-offenses,777,2,911,2083,1112,568,307,93,33,15,6
3840,2001,951,1315,4,all-offenses,15,1,117,670,787,451,141,50,13,1,24
3841,1995,607,280,2,all-offenses,6,0,50,338,368,92,21,12,1,1,0
3842,2004,294,4729,85,all-offenses,383,190,1950,910,806,544,215,88,15,5,2
3843,2017,15093,46684,2091,all-offenses,2832,21,11799,21696,16618,7171,3053,560,95,9,14
3844,2008,32596,51552,8260,all-offenses,16533,118,8279,26141,20057,14085,5419,1364,222,42,148
3845,2016,61,619,2,all-offenses,9,0,14,173,187,148,102,32,15,2,0
3846,2009,9674,9367,308,all-offenses,960,7,2388,6840,4498,3105,1244,250,47,5,5
3847,2008,10,104,0,all-offenses,1,0,4,42,29,22,10,6,0,0,0
3848,2015,2670,29570,799,all-offenses,2162,1086,9031,5935,5602,3968,2907,1428,546,197,177
3849,2002,212,435,243,all-offenses,346,0,60,180,133,114,51,3,2,0,1
3850,2012,10565,36486,1084,all-offenses,1624,29,10939,17913,9791,5328,2048,386,61,8,8
3851,2009,2366,14253,265,all-offenses,1684,9,2144,6207,3708,2159,781,141,20,13,18
3852,2006,7945,103278,4174,all-offenses,27109,264,29760,38425,12243,5973,1324,145,25,13,116
3853,2005,1662,14819,34429,all-offenses,35250,39,5163,5282,2051,2250,654,126,14,15,66
3854,1991,68,76,14,all-offenses,29,0,13,25,19,13,4,0,0,0,55
3855,1998,432,134,5,all-offenses,15,0,29,251,185,64,18,8,1,0,0
3856,2009,1174,2325,616,all-offenses,1022,14,865,959,629,395,187,31,3,1,9
3857,2008,30029,181789,94220,all-offenses,112165,1019,67807,64733,30598,20589,7117,972,221,39,778
3858,1995,48,492,15,all-offenses,30,20,156,133,117,59,28,6,5,1,0
3859,1991,6674,4607,15987,all-offenses,16671,9,1566,1526,1045,278,66,33,13,1,6060
3860,2011,202,635,12,all-offenses,25,0,77,139,149,184,163,91,20,1,0
3861,2008,8614,61455,71525,all-offenses,77190,255,26511,19677,8212,6891,2119,185,36,21,497
3862,1997,389,4688,6079,all-offenses,6433,32,2192,1450,622,219,133,20,3,0,52
3863,2008,130,856,6,all-offenses,24,0,315,261,142,99,83,51,15,1,1
3864,2012,64948,162489,5449,all-offenses,18885,538,34071,64375,50025,37091,20203,5702,1493,356,147
3865,2013,96291,216670,97761,all-offenses,119614,1033,53253,99662,65942,41138,22930,5010,1137,255,748
3866,2006,2151,13370,270,all-offenses,1755,18,1932,5870,3439,1993,597,150,24,7,6
3867,1991,2197,2847,687,all-offenses,732,10,1001,1062,603,269,87,42,11,1,1913
3868,1995,4289,11166,2605,all-offenses,3745,94,5535,4394,2866,983,241,70,23,8,101
3869,2017,60732,155795,5820,all-offenses,16973,478,30980,57919,52245,32626,21947,6954,1733,354,138
3870,1991,135,125,1,all-offenses,7,0,2,31,40,38,32,9,3,0,99
3871,2006,11574,10427,488,all-offenses,1411,17,3784,8096,4770,3110,1074,199,16,2,10
3872,1999,12393,43631,158,all-offenses,443,20,17139,18085,13001,6405,949,110,18,4,8
3873,2016,107,260,8,all-offenses,8,2,63,127,79,43,37,10,3,1,2
3874,1994,10,47,0,all-offenses,1,0,16,20,12,5,3,0,0,0,0
3875,2005,103,1136,3,all-offenses,44,19,417,170,259,192,96,35,9,0,1
3876,2009,9761,65806,80297,all-offenses,83957,348,27634,23742,9400,7363,2675,219,46,15,465
3877,2010,6455,4035,21,all-offenses,181,2,450,3260,2915,2509,906,222,56,10,0
3878,2014,14022,18877,9987,all-offenses,11793,76,2601,11368,8690,4991,2652,492,94,15,114
3879,2007,464,3610,239,all-offenses,509,7,922,1585,600,416,198,53,11,7,5
3880,2009,146,1141,8,all-offenses,14,0,381,355,178,157,119,77,12,2,0
3881,2014,1,6,1,all-offenses,1,0,2,1,0,0,4,0,0,0,0
3882,1996,8062,24929,1751,all-offenses,4055,92,6834,9108,8394,4096,1527,423,129,16,68
3883,2006,30414,50310,10071,all-offenses,18048,91,7603,25023,19824,13981,4640,1055,264,61,205
3884,2014,15036,52396,27980,all-offenses,32057,128,14106,22139,15269,7515,3428,532,100,17,121
3885,2000,2865,13029,799,all-offenses,1054,22,6494,4608,2699,1419,283,66,12,2,34
3886,2003,99,306,10,all-offenses,13,0,43,81,60,87,70,43,16,2,0
3887,2006,8,105,0,all-offenses,0,0,5,32,36,28,10,1,1,0,0
3888,2010,240847,567424,8651,all-offenses,34458,2922,174898,260255,163745,115619,49672,11375,2854,797,327
3889,2000,229,1599,160,all-offenses,269,7,350,702,331,191,86,27,18,3,4
3890,1997,18,293,0,all-offenses,7,6,96,51,88,44,12,3,2,0,2
3891,2008,1123,2249,694,all-offenses,1122,17,766,1015,542,378,175,31,5,2,13
3892,2014,11642,79631,3303,all-offenses,5793,284,19251,35728,17621,8697,5020,1667,396,93,26
3893,2016,187918,229120,10183,all-offenses,35758,717,74458,128296,98035,51185,29669,7428,1280,227,168
3894,1994,21545,38245,2293,all-offenses,4532,660,25296,13736,11035,4405,1284,625,327,103,80
3895,2007,7620,29884,967,all-offenses,1606,37,11568,12287,6812,4539,1333,223,42,7,17
3896,2009,32656,191082,103054,all-offenses,120571,1164,67402,73524,32426,21063,8453,1078,198,36,877
3897,2014,96,367,12,all-offenses,18,0,46,66,66,105,95,62,16,1,0
3898,1995,8118,42616,11611,all-offenses,14289,1308,24293,12163,6752,2411,586,171,74,16,282
3899,1996,958,5490,370,all-offenses,617,19,3110,1697,936,333,75,18,6,1,6
3900,2009,30123,49636,8011,all-offenses,15892,73,7518,24398,19210,13364,5561,1343,249,65,97
3901,1997,155,7439,92,all-offenses,674,59,1975,2322,1623,663,263,68,16,6,17
3902,2008,11694,10845,460,all-offenses,1215,6,3645,8418,4855,3349,1205,276,25,3,2
3903,2000,26722,76341,7066,all-offenses,18129,421,20298,25649,24095,14309,4942,1526,433,82,245
3904,1992,298,185,9,all-offenses,40,0,46,112,35,11,4,2,3,0,239
3905,2001,166,2871,22,all-offenses,107,4,1231,1257,293,123,22,11,3,0,8
3906,2009,16,135,0,all-offenses,1,0,6,53,39,30,17,3,1,1,0
3907,2015,1516,5873,2152,all-offenses,2436,265,2562,1596,1235,693,559,144,34,5,12
3908,2006,8064,57436,71813,all-offenses,78244,325,21615,19420,7754,5970,2302,900,170,53,560
3909,2015,2079,2116,28,all-offenses,85,0,251,1652,1110,634,355,104,24,7,1
3910,2015,44618,150417,7387,all-offenses,18969,391,26851,65722,43976,25175,15581,4337,1026,217,177
3911,2010,38164,74948,25458,all-offenses,33456,303,26445,37861,20095,13199,5662,1068,211,59,211
3912,1992,11762,6397,2498,all-offenses,3291,5,2877,1866,1202,313,98,27,14,3,10961
3913,2006,115,894,3,all-offenses,13,1,287,291,194,109,64,42,9,2,0
3914,2008,2211,13884,264,all-offenses,1668,8,2251,6079,3480,1994,696,140,32,3,8
3915,2011,928,4890,246,all-offenses,439,17,2290,1171,835,697,393,177,35,6,4
3916,2007,65180,159622,7456,all-offenses,24597,544,42164,62000,46639,36663,14168,3836,1075,243,329
3917,2005,745,25100,440,all-offenses,3237,153,6238,7736,4634,2875,1002,289,77,14,30
3918,2006,28713,169927,92021,all-offenses,108739,1140,61218,59241,30336,20640,6720,1548,305,53,721
3919,1999,186,1407,1206,all-offenses,1259,8,582,497,245,129,57,15,1,0,6
3920,1992,3902,3115,460,all-offenses,594,15,1224,1108,583,252,92,37,11,3,3558
3921,1993,28,736,6,all-offenses,38,34,239,190,174,57,24,12,2,0,0
3922,1999,65,260,16,all-offenses,50,0,87,70,80,36,11,5,1,1,0
3923,2010,252,2645,82,all-offenses,244,92,761,672,511,398,190,81,21,7,2
3924,2014,13,11,18,all-offenses,20,0,0,4,7,8,2,1,0,0,0
3925,2008,8747,107653,4673,all-offenses,27933,176,34157,39809,11472,5610,1497,147,25,14,233
3926,1992,175,61,0,all-offenses,0,0,3,21,20,17,14,5,2,0,154
3927,1996,103,659,33,all-offenses,44,0,179,284,151,87,27,14,8,1,0
3928,2001,1132,16967,393,all-offenses,1424,640,5830,3196,3326,2242,1050,504,204,46,30
3929,2014,1364,6241,1969,all-offenses,2287,249,2855,1602,1130,713,564,128,26,11,9
3930,2013,43236,82506,24297,all-offenses,31659,308,23691,43733,26092,14361,7918,1533,301,68,375
3931,1991,4,259,31,all-offenses,37,0,123,105,20,7,1,1,0,0,0
3932,2009,261,796,15,all-offenses,24,1,84,176,204,237,201,119,22,4,0
3933,2003,6113,45236,59193,all-offenses,64226,180,19340,13330,6202,4018,1433,1315,89,4,405
3934,2014,43027,143838,6762,all-offenses,17675,420,26478,63741,40618,24656,14812,3924,952,240,111
3935,2014,2442,1945,45,all-offenses,91,0,198,1694,1255,647,375,122,42,6,2
3936,1995,13363,43413,8547,all-offenses,13878,455,17142,16630,11410,4082,1127,334,101,14,150
3937,1996,1268,1798,153,all-offenses,361,1,809,1084,650,208,84,10,4,0,8
3938,2003,72,549,9,all-offenses,19,0,122,171,123,104,55,28,8,0,0
3939,2003,19614,118143,66531,all-offenses,78998,817,45031,39243,21842,12836,3352,1538,219,23,389
3940,2011,1142,2093,761,all-offenses,986,18,734,1069,559,377,198,33,3,2,17
3941,2013,283,2668,88,all-offenses,261,85,685,692,560,387,249,78,36,4,2
3942,1998,27,291,6,all-offenses,25,11,87,53,72,50,16,4,6,0,0
3943,2002,25,131,3,all-offenses,4,0,36,49,28,26,4,5,5,1,1
3944,1991,58,1206,63,all-offenses,127,30,350,286,252,126,90,47,14,4,1
3945,2004,77659,302954,2432,all-offenses,6308,107,101221,146317,69230,46715,11186,1570,208,26,157
3946,2015,485,648,1083,all-offenses,1187,1,51,379,342,164,80,10,2,0,0
3947,2011,9141,9768,308,all-offenses,910,1,2079,7242,4413,2913,1313,289,53,3,1
3948,2000,4844,6574,2066,all-offenses,3119,8,2350,4022,2602,990,292,62,5,1,33
3949,1992,1075,644,195,all-offenses,228,52,322,124,118,56,13,7,1,0,993
3950,2015,14241,19711,15691,all-offenses,17722,78,2463,11479,9294,4961,2916,525,78,14,113
3951,2016,27371,43230,8565,all-offenses,14199,99,4830,23601,20183,9647,4986,1243,252,59,67
3952,1994,3425,5443,1021,all-offenses,1647,10,1925,3266,2247,622,102,30,5,0,35
3953,1998,271,10395,143,all-offenses,1115,86,2862,3144,2136,979,304,95,34,1,53
3954,2013,5354,3108,20,all-offenses,51,1,471,3022,2344,1556,780,190,56,11,0
3955,2003,20557,35283,5768,all-offenses,11511,57,5790,17045,14447,8828,2830,823,147,22,108
3956,2011,2457,13731,242,all-offenses,1533,6,1725,5957,3969,2149,851,187,32,7,14
3957,1992,9830,42336,4528,all-offenses,8336,254,11240,17609,12014,4725,1605,633,210,43,25
3958,2015,17353,58825,33206,all-offenses,38251,127,16027,24667,17457,8175,3878,541,109,15,137
3959,1992,55,71,26,all-offenses,26,0,3,51,35,23,6,1,2,0,5
3960,2003,6,64,0,all-offenses,2,1,5,14,25,15,1,3,4,0,0
3961,2006,96,458,7,all-offenses,21,0,99,94,100,92,84,59,10,1,1
3962,2015,0,24,0,all-offenses,0,0,17,4,2,0,1,0,0,0,0
3963,2015,12833,87183,4674,all-offenses,7531,261,20339,39523,20012,9280,5466,1756,422,77,23
3964,2017,1113,1758,244,all-offenses,379,6,200,674,702,466,348,240,84,14,2
3965,1999,243,1141,339,all-offenses,568,7,377,369,237,112,32,8,7,3,3
3966,2007,14257,18084,9965,all-offenses,12821,50,4985,11461,7032,4414,1238,181,31,7,86
3967,2008,559,3200,147,all-offenses,336,8,1218,769,662,485,271,130,20,5,2
3968,2016,960,1949,2012,all-offenses,3225,6,116,443,520,301,226,57,14,1,12
3969,1994,27,51,10,all-offenses,18,0,17,22,19,12,0,0,0,0,0
3970,2013,231457,522067,7356,all-offenses,28373,2684,139144,242731,163357,107252,58109,14285,3517,1018,410
3971,2015,76,282,10,all-offenses,15,0,41,84,63,54,63,36,10,2,0
3972,2011,8997,95289,4895,all-offenses,26204,135,26921,37792,11153,4958,1643,218,22,8,127
3973,1998,18041,66417,2379,all-offenses,6816,505,21802,25606,18393,9473,2803,903,306,71,159
3974,1996,9717,53155,21518,all-offenses,24923,1656,29333,13415,7612,2782,4045,226,82,29,287
3975,1992,44,4360,172,all-offenses,561,15,938,1534,1043,347,92,32,7,2,5
3976,2017,342,3315,144,all-offenses,422,87,941,759,652,437,335,101,48,11,8
3977,1997,709,1355,91,all-offenses,206,3,439,766,455,212,52,9,2,1,10
3978,2004,80,305,1,all-offenses,7,0,26,84,67,59,91,46,6,0,0
3979,2005,8246,65944,1684,all-offenses,3378,206,24727,26705,10067,6996,2739,793,193,51,19
3980,1998,555,516,6,all-offenses,15,1,61,295,434,172,61,25,9,2,2
3981,2005,100,450,15,all-offenses,18,0,120,109,83,94,89,45,7,0,0
3982,1998,617,3655,1060,all-offenses,1253,318,2234,563,466,296,138,30,10,1,23
3983,1997,4364,20598,6858,all-offenses,8316,29,10617,6488,4319,1439,442,43,10,2,115
3984,1999,45025,69481,1957,all-offenses,6431,813,51589,23302,18167,10993,3441,1020,495,107,105
3985,2012,301,2888,119,all-offenses,307,91,773,772,577,411,240,102,27,6,2
3986,2016,111,197,112,all-offenses,160,0,35,80,87,30,20,6,1,0,1
3987,2014,72,656,3,all-offenses,14,15,199,119,156,113,63,31,15,6,0
3988,1995,5369,18034,967,all-offenses,2435,54,4742,6679,6128,2904,927,323,104,16,58
3989,2005,9083,13097,3759,all-offenses,5547,36,2345,7771,5526,3429,1006,209,30,7,33
3990,1991,7739,2046,5070,all-offenses,5506,3,853,530,269,52,11,4,1,0,7626
3991,2017,40311,71392,26484,all-offenses,35047,239,17201,33118,27435,13701,8825,1972,380,97,172
3992,1997,1691,16363,411,all-offenses,795,85,7214,4952,2928,1625,589,179,75,12,11
3993,2005,0,0,0,all-offenses,0,0,0,0,0,0,0,0,0,0,0
3994,2012,43499,83361,26093,all-offenses,34098,324,25664,43643,24775,15145,7305,1382,272,54,291
3995,1997,57,177,1,all-offenses,1,0,9,47,52,77,38,9,2,0,0
3996,2009,105605,399317,2891,all-offenses,6405,103,127562,202580,89773,54888,22402,3571,421,52,56
3997,2005,14981,64728,45803,all-offenses,50743,224,22681,24222,15242,9362,2202,486,72,24,254
3998,2002,35,96,6,all-offenses,15,0,21,39,22,30,8,2,0,0,0
3999,2016,342,1277,793,all-offenses,943,10,216,360,414,343,87,29,6,1,3
4000,1993,13,92,18,all-offenses,24,0,16,23,28,21,7,2,1,0,1
4001,1994,76,737,432,all-offenses,483,2,362,241,108,36,9,3,1,0,0
4002,1995,70,529,22,all-offenses,32,1,137,214,135,62,21,11,6,2,0
4003,2016,754,1400,337,all-offenses,782,1,244,618,366,258,159,55,6,0,2
4004,1994,24,114,22,all-offenses,38,0,39,28,30,19,5,1,0,0,0
4005,2014,954,28241,836,all-offenses,3517,155,6705,8165,5300,3377,2036,544,142,19,71
4006,2013,1,1,0,all-offenses,0,0,0,0,0,1,1,0,0,0,0
4007,2011,422,6971,108,all-offenses,524,257,2561,1477,1144,840,481,157,49,7,4
4008,2012,245013,555196,8070,all-offenses,31753,2702,154687,258733,168721,115700,57547,13721,3413,961,341
4009,2005,0,1,2,all-offenses,1,0,0,1,0,1,0,0,0,0,0
4010,2017,257092,549359,9029,all-offenses,30511,2844,138223,242422,192801,111063,69401,20921,5277,1573,444
4011,2001,196,55,6,all-offenses,18,0,6,60,93,50,15,15,0,0,0
4012,2000,34541,150692,100209,all-offenses,109943,4028,74884,46416,25609,14810,6118,2768,375,73,418
4013,1992,6,104,0,all-offenses,4,3,28,18,31,15,6,4,1,0,0
4014,2012,5807,3511,28,all-offenses,66,1,569,3259,2448,1871,851,215,56,9,1
4015,2006,97968,375934,2940,all-offenses,6378,130,123471,186182,82092,58457,17421,2308,278,33,92
4016,2007,75625,284510,139537,all-offenses,162125,4678,132388,104104,47200,33801,11222,2148,624,169,1213
4017,1995,744,4072,139,all-offenses,285,13,2331,1264,758,236,48,15,2,0,3
4018,2017,4420,3711,68,all-offenses,121,1,372,2812,2283,1437,814,288,60,10,1
4019,1997,482,2838,686,all-offenses,865,228,1730,477,361,207,98,13,4,2,21
4020,2004,6763,47962,56661,all-offenses,61185,245,19000,15584,6983,5015,1431,1068,21,26,828
4021,1993,56,104,115,all-offenses,135,0,39,49,32,16,2,0,0,0,2
4022,1998,0,1,0,all-offenses,0,0,0,0,1,0,0,0,0,0,0
4023,2015,1072,30970,1054,all-offenses,3944,185,7480,8818,5824,3676,2267,633,154,28,87
4024,2004,54,655,3,all-offenses,13,0,162,215,131,94,58,35,4,0,0
4025,1998,5576,26420,9633,all-offenses,12161,61,12497,8292,5753,1993,576,72,17,5,202
4026,1997,15379,55887,1474,all-offenses,4628,404,18717,21848,15874,7720,2403,775,214,49,108
4027,2002,25217,81536,293,all-offenses,657,28,29763,35675,22866,14955,2765,276,46,5,10
4028,1997,221,237,1,all-offenses,2,0,22,157,166,75,28,7,2,0,0
4029,1991,18,10,0,all-offenses,3,0,0,9,8,3,0,0,0,0,5
4030,1998,911,2045,135,all-offenses,317,4,596,1085,696,312,65,10,4,0,2
4031,1995,819,1263,103,all-offenses,275,2,539,735,446,129,34,6,1,0,18
4032,1998,42,157,1,all-offenses,2,0,15,51,39,40,36,9,7,1,0
4033,1996,16742,54835,15638,all-offenses,22413,474,21708,20163,14055,5287,2223,495,162,34,201
4034,2005,1421,7362,2939,all-offenses,3179,301,4426,1473,1077,828,297,93,22,3,23
4035,2003,63527,262522,2257,all-offenses,5345,76,90125,124510,59583,38523,8644,1187,197,19,97
4036,2004,23213,132606,70176,all-offenses,82610,928,48312,45704,25399,15815,4295,1795,128,38,971
4037,2005,40881,143729,5933,all-offenses,18814,614,42136,59281,34415,23847,8350,2132,641,142,171
4038,1998,2243,22013,540,all-offenses,967,120,9187,7079,3921,2235,881,270,82,17,37
4039,2005,2172,1632,9,all-offenses,36,1,158,1035,1336,914,242,70,17,2,2
4040,2004,24846,41143,7156,all-offenses,13842,69,6548,19806,17334,10915,3526,833,140,32,100
4041,2008,366,5666,88,all-offenses,464,211,2203,1211,895,654,319,116,31,4,12
4042,2016,1009,2863,539,all-offenses,1041,15,825,1217,738,309,206,35,7,8,10
4043,1994,87,787,89,all-offenses,203,3,252,345,139,17,3,1,0,0,0
4044,2004,6,69,0,all-offenses,0,0,1,25,30,11,4,4,0,0,0
4045,2007,84731,199492,95949,all-offenses,124527,1491,63656,80329,51033,39630,14395,3068,868,215,960
4046,1999,85,193,53,all-offenses,70,0,61,71,80,40,7,1,0,0,1
4047,1993,1018,15174,1769,all-offenses,4422,23,4050,6528,2427,384,66,8,2,0,51
4048,1993,397,467,12,all-offenses,73,0,121,353,216,71,22,8,1,0,11
4049,1999,13247,18927,4200,all-offenses,7010,50,5492,11243,8029,3427,869,120,54,7,73
4050,2015,80,690,6,all-offenses,13,25,204,124,175,130,61,27,10,5,2
4051,2001,883,9276,21203,all-offenses,19747,33,3822,2847,1146,1476,2206,56,8,5,16
4052,1993,210,1842,181,all-offenses,398,1,265,845,519,157,37,8,2,0,1
4053,2000,47056,128184,70090,all-offenses,91743,1025,46321,47112,32111,17752,6850,1497,424,100,395
4054,1993,1,12,0,all-offenses,0,0,1,7,3,2,0,0,0,0,0
4055,2010,14752,19324,12863,all-offenses,15692,52,4566,12720,7644,4351,1602,216,31,6,59
4056,2013,11075,36759,1038,all-offenses,1510,28,10006,18441,10892,5362,2171,377,67,2,16
4057,2002,171,448,31,all-offenses,84,3,135,138,165,86,28,10,1,0,0
4058,2002,267,2253,2332,all-offenses,2493,11,882,691,390,254,95,30,3,0,3
4059,1993,1093,2764,67,all-offenses,292,1,471,1385,1075,430,142,36,6,0,86
4060,2004,5184,62084,2907,all-offenses,17234,190,15667,22971,8850,4132,912,102,16,1,100
4061,1992,16,4,0,all-offenses,1,0,0,4,7,3,1,0,0,0,4
4062,2001,41,440,13,all-offenses,25,7,164,52,121,82,28,9,5,0,1
4063,2009,361,6133,127,all-offenses,502,196,2238,1347,991,772,403,127,28,9,8
4064,2015,1424,7876,16547,all-offenses,17653,27,1036,3001,2268,1029,672,109,18,3,31
4065,2004,9589,8851,472,all-offenses,1375,9,2843,6771,4257,2667,812,139,22,3,14
4066,2013,502,3420,281,all-offenses,537,0,553,1592,710,415,263,91,22,14,6
4067,2004,1786,11185,263,all-offenses,1563,20,1712,4603,3011,1724,459,102,31,2,7
4068,2001,431,17114,240,all-offenses,2017,113,4730,5115,3185,1749,613,176,51,10,26
4069,2017,98504,204768,104743,all-offenses,130154,958,45316,86099,72475,38931,25657,6300,1297,267,561
4070,1993,14,97,5,all-offenses,9,0,27,22,25,17,9,6,1,0,0
4071,2004,718,1396,529,all-offenses,881,4,452,569,416,224,67,18,6,1,5
4072,1997,57,1107,4,all-offenses,26,4,556,419,111,34,14,2,0,0,2
4073,1993,1243,12118,26841,all-offenses,27993,61,6664,3312,1572,298,74,13,1,1,213
4074,2011,116743,411885,4042,all-offenses,6938,77,127175,212685,98742,56084,25722,4675,463,54,55
4075,2014,782,475,36,all-offenses,54,3,22,359,412,226,155,50,9,1,2
4076,2005,1710,24239,435,all-offenses,1902,841,7967,4834,4436,3477,1734,795,291,77,30
4077,2012,97083,223775,102172,all-offenses,126428,1221,58186,102498,63994,41600,22179,4891,1090,263,680
4078,2013,62410,155446,5060,all-offenses,17537,570,31297,60845,49126,34989,20957,5690,1449,291,165
4079,2005,329,4940,25,all-offenses,230,40,2236,1860,550,246,87,28,13,1,3
4080,2016,136,301,6,all-offenses,14,0,37,139,123,76,40,11,2,1,0
4081,1994,6,29,3,all-offenses,2,0,5,13,10,4,3,1,0,0,0
4082,2006,331,5926,101,all-offenses,495,256,2305,1237,958,676,287,100,30,7,7
4083,1997,506,7640,138,all-offenses,541,290,2504,1461,1733,921,467,218,113,21,15
4084,1993,4450,31596,32338,all-offenses,35391,314,13559,10485,6030,1525,376,87,22,9,586
4085,2010,67945,163406,6080,all-offenses,21577,472,37947,66215,49779,37565,17489,4691,1201,306,189
4086,1991,46,3307,674,all-offenses,1060,11,691,1118,811,221,83,17,8,1,6
4087,2002,579,1930,492,all-offenses,929,11,610,767,453,168,54,4,1,0,4
4088,2004,204,1606,76,all-offenses,143,2,365,398,433,339,149,46,10,1,0
4089,2007,226,2753,53,all-offenses,274,107,752,710,540,358,189,64,31,2,5
4090,2000,20064,44069,26125,all-offenses,32259,309,19195,17150,11862,6500,2255,432,95,26,175
4091,2015,586,374,30,all-offenses,47,0,22,265,310,177,123,32,13,0,1
4092,1996,789,369,3,all-offenses,7,0,56,426,476,144,39,11,1,1,0
4093,1992,14533,3018,3633,all-offenses,3998,34,1584,738,332,58,24,3,2,0,14411
4094,1996,36734,125274,1322,all-offenses,5308,958,40290,50653,41648,17710,4790,1379,394,84,116
4095,2003,255,4290,65,all-offenses,332,235,1733,812,752,465,179,73,20,6,3
4096,2000,175,2123,45,all-offenses,211,77,628,540,436,281,100,53,12,0,5
4097,2007,33864,69422,24985,all-offenses,35088,286,26655,30747,17640,12316,4393,736,195,51,164
4098,2000,2534,1924,9,all-offenses,39,0,215,1221,1704,917,254,75,28,3,11
4099,2007,213378,546156,8481,all-offenses,36819,3273,178830,237454,151295,110054,38383,8537,2306,606,458
4100,1993,36,102,11,all-offenses,15,3,6,22,33,27,29,11,3,0,0
4101,1996,5621,15552,4426,all-offenses,6548,115,7502,5562,3734,1369,548,86,32,9,94
4102,2013,16417,22415,10836,all-offenses,13617,46,4298,14348,9615,5044,2215,323,65,6,91
4103,1999,15,81,3,all-offenses,5,0,14,35,28,10,5,2,0,0,0
4104,2010,8411,31596,992,all-offenses,1464,26,11399,14291,7403,4470,1554,315,52,11,14
4105,2016,98269,229064,1349,all-offenses,1695,37,60692,127544,80568,36031,18205,3570,269,44,27
4106,1994,2043,8508,30,all-offenses,97,0,3472,3683,2510,706,84,22,1,1,5
4107,2008,98396,384553,3162,all-offenses,6509,108,126394,192184,82891,54433,20247,2946,292,48,59
4108,1998,89,1485,4,all-offenses,43,5,711,600,150,40,21,3,1,1,3
4109,2017,84302,253626,118340,all-offenses,134543,2824,80791,107631,69800,32984,20731,4928,1108,220,708
4110,1991,4,49,5,all-offenses,9,1,10,14,15,5,3,1,0,0,0
4111,1996,63,691,13,all-offenses,37,26,203,178,174,79,38,22,8,2,0
4112,2000,116656,335811,6398,all-offenses,25302,2673,104040,136127,109423,59188,15906,4094,1181,304,627
4113,2007,7637,3764,16,all-offenses,65,0,624,3351,3486,2817,829,183,52,10,0
4114,2014,1360,8360,15743,all-offenses,16833,43,1246,3119,2152,1152,712,125,32,8,41
4115,2010,431,3451,247,all-offenses,540,1,688,1474,690,401,229,71,24,7,4
4116,1998,665,9905,230,all-offenses,801,391,3243,1891,2173,1210,645,281,113,27,25
4117,2012,78907,261633,113517,all-offenses,130742,3617,95812,114441,55786,32252,16131,3471,812,223,770
4118,2005,65420,253937,134798,all-offenses,152049,4261,117607,91730,43189,30150,9728,3290,707,333,1111
4119,2008,308,866,121,all-offenses,200,6,216,319,231,200,93,21,4,4,1
4120,2008,299,1852,1532,all-offenses,1718,17,543,582,385,300,102,23,10,2,1
4121,2011,958,3113,517,all-offenses,1043,9,1038,1407,583,340,131,22,5,0,10
4122,1996,1089,11389,238,all-offenses,491,70,4899,3328,2084,1160,454,165,48,9,8
4123,1996,38,106,1,all-offenses,4,0,9,36,24,43,16,11,2,0,0
4124,1998,28745,84628,41071,all-offenses,53497,870,32642,29936,22452,9371,3559,745,238,40,1094
4125,1993,33,40,17,all-offenses,30,0,15,23,12,7,3,0,0,0,0
4126,1992,109,752,94,all-offenses,135,0,186,311,165,96,34,20,7,1,0
4127,1999,2057,25379,1346,all-offenses,5953,71,7487,9588,3985,1274,332,20,10,1,61
4128,2006,45274,129983,532,all-offenses,1150,43,41742,60867,34046,28967,8113,749,85,16,11
4129,1999,5238,4970,531,all-offenses,983,11,2650,3650,2099,971,302,45,7,1,20
4130,1997,15007,73858,43979,all-offenses,48433,2207,40111,20963,11606,4643,3795,377,104,49,556
4131,2007,0,0,1,all-offenses,1,0,0,0,0,0,0,0,0,0,0
4132,1992,1249,993,151,all-offenses,195,1,554,320,158,51,9,4,4,1,1096
4133,1993,3100,4641,1032,all-offenses,1682,2,1536,3044,1747,564,120,20,3,0,55
4134,1996,173,379,16,all-offenses,73,1,106,209,106,51,17,4,1,0,0
4135,2013,640,471,31,all-offenses,44,0,32,323,357,224,116,34,11,0,1
4136,2014,58257,148225,4990,all-offenses,15943,571,29920,56466,47255,32797,20682,5869,1546,316,107
4137,1999,698,4361,131,all-offenses,650,10,704,1821,1268,538,150,39,3,3,4
4138,1995,9,162,1,all-offenses,3,4,48,33,40,30,8,5,1,0,0
4139,1996,2983,15740,3309,all-offenses,4627,26,8244,4738,2969,963,350,52,15,3,45
4140,2003,24,108,3,all-offenses,8,0,9,48,32,22,10,4,2,0,0
4141,2007,1,4,0,all-offenses,0,0,0,0,2,3,0,0,0,0,0
4142,1999,265,634,328,all-offenses,447,2,233,222,202,85,23,4,1,0,8
4143,2000,61,247,3,all-offenses,5,2,35,77,56,61,51,16,7,1,0
4144,2007,14715,61963,31342,all-offenses,37295,197,20394,23294,14292,9451,2423,364,68,14,228
4145,2000,3668,34026,1126,all-offenses,2139,169,13220,12056,5682,3568,1342,420,143,25,56
4146,1995,77,4098,15,all-offenses,299,20,1017,1350,937,401,110,35,9,2,10
4147,2007,11731,16176,6437,all-offenses,9040,43,2870,9394,6840,4352,1440,255,45,7,58
4148,2010,1716,12999,30723,all-offenses,32547,69,3274,5023,2264,1478,587,107,15,8,66
4149,2014,574,3544,310,all-offenses,516,4,656,1677,745,416,280,94,24,14,2
4150,2007,114,448,3,all-offenses,11,0,67,94,85,109,107,68,21,3,0
4151,2000,8167,39808,23443,all-offenses,26803,64,17654,12790,8519,4030,1253,169,42,4,90
4152,2014,11715,36777,1111,all-offenses,1583,18,10053,18438,11359,5371,2250,447,60,13,11
4153,2000,0,2,0,all-offenses,0,0,0,0,0,2,0,0,0,0,0
4154,2009,45973,138399,618,all-offenses,1182,29,49359,68570,32197,23291,9123,1124,99,11,5
4155,2015,16703,23506,13205,all-offenses,16429,32,3843,14954,10319,5015,2366,350,43,15,48
4156,2000,1947,3953,439,all-offenses,881,6,1060,2149,1453,626,124,28,5,1,6
4157,1992,1912,7149,219,all-offenses,784,18,1817,2808,2254,1029,383,152,25,6,4
4158,2007,8941,74362,1967,all-offenses,4043,282,27928,29835,11300,7496,3224,871,223,47,21
4159,1997,23488,70785,28783,all-offenses,38028,622,28246,26256,18297,7367,2698,643,170,62,667
4160,2008,899,3365,632,all-offenses,1288,7,1145,1338,604,361,122,20,2,0,9
4161,2016,559,8406,158,all-offenses,631,278,2983,1823,1495,943,630,247,68,12,13
4162,1999,72,478,33,all-offenses,80,3,138,106,116,79,38,10,6,3,4
4163,1994,30,797,8,all-offenses,41,32,280,213,161,83,21,3,1,0,0
4164,2013,1534,9247,16738,all-offenses,17945,39,1506,3574,2313,1264,668,107,18,3,82
4165,2006,160,252,16,all-offenses,24,1,24,108,123,115,24,8,0,1,0
4166,2017,436,4115,61,all-offenses,164,30,1980,1476,508,263,120,46,17,5,3
4167,2011,310,944,53,all-offenses,191,0,164,366,265,170,109,32,8,2,0
4168,2011,450,1856,1726,all-offenses,1973,13,435,628,462,356,129,21,6,2,7
4169,2012,460,5476,102,all-offenses,225,39,2554,2018,638,308,155,40,10,3,48
4170,2015,559,4021,398,all-offenses,659,3,686,1870,881,436,299,83,42,14,5
4171,1996,370,2181,325,all-offenses,455,202,1332,331,288,168,72,20,5,1,2
4172,2005,77971,187574,97709,all-offenses,126373,1201,56212,76236,49835,35870,11888,3521,795,296,1027
4173,2012,2490,30042,631,all-offenses,2002,1072,9213,6179,5440,4309,2784,1278,526,176,184
4174,2015,11911,38633,1203,all-offenses,1761,34,10582,18536,12353,5547,2393,462,67,4,8
4175,1996,12373,45860,1199,all-offenses,3494,330,15409,17958,13092,6182,2027,658,195,39,48
4176,1998,21592,98606,64236,all-offenses,72111,3119,52047,27575,16465,6555,4819,402,188,49,1104
4177,2017,2892,32818,846,all-offenses,2459,1126,10551,6182,6171,4319,3117,1608,644,219,160
4178,1996,214,855,0,all-offenses,1,0,41,328,428,189,55,16,6,1,4
4179,2014,16810,23105,11155,all-offenses,14261,35,4121,14689,10204,4899,2338,399,56,19,49
4180,2007,44158,154562,5905,all-offenses,20358,677,43359,65424,35817,25733,9858,2389,660,181,169
4181,2007,3014,1526,7,all-offenses,49,0,187,1230,1561,1099,310,84,20,7,0
4182,2002,53055,224449,1794,all-offenses,4357,64,79377,104962,51534,31013,6816,930,130,22,93
4183,2007,1426,8292,3108,all-offenses,3383,506,4696,1719,1011,911,424,111,28,6,31
4184,2009,87,336,6,all-offenses,12,0,46,147,95,88,28,8,3,2,0
4185,2004,37,129,2,all-offenses,5,2,23,65,22,29,11,3,5,1,2
4186,1993,20994,36516,3387,all-offenses,5971,648,22806,13966,10568,4146,1360,740,402,90,200
4187,2003,28988,90891,405,all-offenses,908,19,31391,40895,25298,17834,3552,321,48,6,12
4188,2000,735,896,6,all-offenses,14,0,94,450,598,331,88,40,12,2,8
4189,2000,25981,94485,3667,all-offenses,12094,589,27812,37109,25315,14575,4607,1328,420,89,195
4190,2010,618,336,28,all-offenses,42,0,32,297,316,187,84,21,3,0,0
4191,2015,60435,153368,5313,all-offenses,16557,583,29901,59567,49840,32656,21652,6350,1555,350,105
4192,2000,905,5257,1817,all-offenses,2071,380,3085,976,680,498,187,67,15,1,19
4193,1992,841,372,201,all-offenses,249,0,147,236,133,19,10,2,0,0,618
4194,1998,69068,207732,4313,all-offenses,13544,1917,65843,83042,70432,33666,8956,2286,727,188,512
4195,2000,1084,16041,361,all-offenses,1457,592,5484,3014,3234,2012,1007,430,171,36,49
4196,1999,62,209,2,all-offenses,11,0,12,54,35,52,77,24,8,0,0
4197,2004,90680,124228,4018,all-offenses,15051,696,78444,50362,35623,26876,8865,2050,620,167,172
4198,1993,3,18,1,all-offenses,1,1,6,10,4,0,0,0,0,0,0
4199,2011,53592,155914,818,all-offenses,1342,23,57081,78973,36821,23834,10597,1525,113,12,3
4200,2007,405,5270,58,all-offenses,290,35,2448,2017,536,252,92,40,12,1,10
4201,2014,0,3,0,all-offenses,0,0,0,2,1,0,0,0,0,0,0
4202,1998,1448,1780,7,all-offenses,27,0,168,927,1280,591,151,55,15,4,17
4203,2013,963,27609,742,all-offenses,3381,123,6589,8042,5260,3349,1844,491,135,37,63
4204,2007,1925,26415,518,all-offenses,2186,855,8360,5289,4794,3858,2093,920,349,109,45
4205,2001,32024,88645,7451,all-offenses,19220,543,24342,30312,27513,17372,6159,1838,495,122,204
4206,2006,847,3386,732,all-offenses,1492,11,1157,1275,580,313,103,20,4,2,8
4207,2008,61,247,8,all-offenses,10,0,33,112,76,51,19,12,3,0,0
4208,2000,152,2404,16,all-offenses,96,7,1009,1072,255,74,34,12,4,1,8
4209,2017,1537,6558,2141,all-offenses,2472,223,2577,1753,1477,859,615,197,42,8,13
4210,2012,1684,1436,21,all-offenses,51,2,194,1060,804,596,311,99,21,2,1
4211,1995,70,27,0,all-offenses,9,0,3,28,39,14,3,0,1,0,0
4212,2013,93,993,16,all-offenses,17,21,333,166,212,187,94,48,14,3,7
4213,2012,44210,150079,6381,all-offenses,18524,475,31143,66626,39217,25926,14078,3536,808,194,143
4214,1998,105,1317,27,all-offenses,111,46,362,300,312,170,90,29,20,4,5
4215,2017,50218,165114,9710,all-offenses,22446,431,29183,69810,51290,27585,17379,5325,1185,249,159
4216,2001,256,1843,143,all-offenses,222,0,427,860,349,223,99,36,11,10,5
4217,1996,382,5643,90,all-offenses,364,230,1772,1162,1222,725,348,188,78,16,10
4218,2012,1516,7142,2560,all-offenses,2980,311,3509,1790,1071,826,556,130,37,3,5
4219,2017,1640,1817,27,all-offenses,96,0,180,1235,978,538,300,120,29,8,0
4220,2009,1054,3476,616,all-offenses,1185,8,1384,1439,621,320,145,21,3,3,17
4221,2001,3735,16435,969,all-offenses,1437,31,7872,6151,3393,1726,402,91,14,2,20
4222,1996,64,991,6,all-offenses,23,4,506,394,89,32,9,2,1,0,1
4223,2003,269,2227,2305,all-offenses,2523,7,769,683,417,280,61,30,3,0,28
4224,2003,132,447,27,all-offenses,97,4,103,131,120,99,38,11,2,0,1
4225,1998,11674,28352,14633,all-offenses,18447,215,13330,10562,7354,3189,1162,180,56,8,156
4226,1991,703,348,377,all-offenses,404,0,95,247,139,21,6,1,1,0,514
4227,1999,104,492,14,all-offenses,13,0,89,131,130,139,75,26,7,0,0
4228,1999,3233,28064,39196,all-offenses,40945,158,14293,7586,3545,2066,1691,54,18,7,130
4229,2008,44652,132607,613,all-offenses,1148,34,46443,63949,30662,25398,9066,1081,70,12,9
4230,2010,119,1252,1,all-offenses,36,28,422,247,268,199,108,45,15,2,2
4231,1997,51093,163787,1998,all-offenses,7643,1337,52230,65243,55591,25502,6653,1750,516,137,276
4232,1991,104,681,338,all-offenses,369,0,162,270,192,91,21,11,4,3,0
4233,2005,6092,3773,10,all-offenses,58,2,481,2767,3249,2427,662,170,55,3,1
4234,2016,181241,506451,4720,all-offenses,6795,93,126190,271946,164614,74447,38796,8557,838,68,68
4235,1994,8425,46414,540,all-offenses,1438,11,14591,21338,13183,3938,669,132,23,7,49
4236,1991,795,1034,111,all-offenses,136,0,474,364,220,78,23,9,4,1,631
4237,2012,9,4,10,all-offenses,13,0,0,2,3,4,0,1,0,0,0
4238,2017,5863,7451,7685,all-offenses,8843,14,698,4124,3876,1880,1246,231,50,9,28
4239,2006,302,791,31,all-offenses,131,3,197,252,234,184,83,27,8,5,0
4240,2005,186410,498610,8118,all-offenses,33308,3108,164365,209198,141677,100438,30778,7152,2097,565,452
4241,2006,275,2330,2089,all-offenses,2362,10,608,746,499,315,111,25,4,0,14
4242,2001,6170,8279,3185,all-offenses,4655,21,2556,5079,3163,1600,422,90,11,3,34
4243,1999,11087,67502,40691,all-offenses,45804,752,29908,20684,12631,5973,2927,214,53,14,320
4244,1997,1142,1547,2,all-offenses,11,1,112,757,1100,501,150,45,11,2,1
4245,2011,112,264,1,all-offenses,12,0,44,146,77,55,29,13,1,0,0
4246,2012,12755,49491,27424,all-offenses,31303,130,13333,20181,13220,7704,3073,447,82,20,177
4247,1997,61,1028,22,all-offenses,98,36,295,234,222,126,64,26,9,1,0
4248,1999,5,25,0,all-offenses,1,0,3,10,9,4,1,2,0,0,0
4249,2017,11406,16840,9367,all-offenses,11139,26,2152,9461,8248,3975,2045,421,62,4,80
4250,2012,2,11,0,all-offenses,0,0,8,2,0,1,1,0,1,0,0
4251,2002,291,4168,68,all-offenses,300,219,1704,803,799,455,163,58,16,2,8
4252,2005,30592,62635,26154,all-offenses,35091,283,23286,27407,17038,11530,3439,795,140,52,320
4253,1999,8288,15409,1859,all-offenses,4041,34,3103,7306,6162,3519,1040,200,65,9,77
4254,2012,12616,16989,8187,all-offenses,10096,54,2587,10157,7626,4760,1958,410,55,7,82
4255,2017,5,13,0,all-offenses,0,0,0,3,1,4,2,8,0,0,0
4256,2004,368,686,393,all-offenses,615,3,98,276,210,166,56,14,2,1,6
4257,2017,24441,76353,47088,all-offenses,53877,124,20576,31301,25056,10641,5159,775,142,34,197
4258,2009,294,1813,1428,all-offenses,1628,8,504,634,366,257,104,25,2,1,6
4259,2005,237,2898,67,all-offenses,291,85,892,767,556,344,159,72,30,3,3
4260,2009,304,886,96,all-offenses,217,3,170,307,246,204,99,27,7,3,3
4261,2004,33924,44706,9394,all-offenses,15471,68,8270,27793,20950,11725,2861,580,112,31,163
4262,2015,17,45,6,all-offenses,15,0,4,13,11,7,9,5,3,1,0
4263,2017,16991,106884,6252,all-offenses,9455,221,23993,47890,27112,11896,6647,2272,528,83,30
4264,2012,128,455,21,all-offenses,34,0,72,93,95,118,108,64,16,3,1
4265,1997,9159,22334,9270,all-offenses,11994,150,10797,8708,5747,2288,767,150,38,11,113
4266,2003,596,2095,432,all-offenses,913,5,676,805,433,228,43,7,3,2,8
4267,2010,805,28436,655,all-offenses,3652,136,6900,8519,5139,3435,1553,411,104,20,27
4268,1995,265,4115,2017,all-offenses,2325,21,2330,1044,454,152,30,6,5,0,30
4269,2012,10229,76947,2416,all-offenses,4297,319,21043,33710,15196,8392,4686,1533,332,66,18
4270,2017,43,141,14,all-offenses,17,0,9,41,37,50,23,12,9,0,0
4271,1991,1144,4268,125,all-offenses,497,6,887,1742,1368,661,237,116,16,3,4
4272,1998,25920,120384,792,all-offenses,2379,63,44921,51249,31143,14201,2525,376,81,13,145
4273,2001,9619,9941,626,all-offenses,1561,24,4447,6721,4370,2188,708,121,20,5,21
4274,2008,439,5336,58,all-offenses,299,30,2562,1925,578,304,91,30,7,3,4
4275,2000,28,91,8,all-offenses,13,0,24,29,32,16,7,2,4,0,0
4276,2003,72,373,15,all-offenses,18,0,74,94,78,101,66,21,7,1,0
4277,2017,1012,2736,700,all-offenses,1265,5,818,1060,704,305,235,30,13,1,12
4278,1993,512,4886,7859,all-offenses,8340,24,2692,1232,514,134,35,14,0,2,270
4279,2004,79,1032,10,all-offenses,35,21,349,165,261,180,68,34,6,2,0
4280,2003,5729,47307,1498,all-offenses,3046,235,17822,17886,7533,5266,1934,556,176,43,37
4281,2012,998,3191,515,all-offenses,1002,7,1047,1481,648,297,178,20,6,0,18
4282,2001,1182,7324,177,all-offenses,933,4,1171,3139,2085,991,264,59,21,6,10
4283,2014,137,490,16,all-offenses,23,0,33,111,107,140,127,74,25,2,1
4284,2015,32902,56823,13359,all-offenses,24357,77,5770,27366,22521,13223,7192,1911,435,91,141
4285,2003,10339,47715,27239,all-offenses,31616,48,18334,16462,10654,6070,1467,371,84,5,182
4286,2015,25,230,0,all-offenses,13,1,10,64,82,64,14,2,2,1,2
4287,2007,139,246,8,all-offenses,14,0,34,115,145,52,22,10,1,0,0
4288,2009,1456,7459,2587,all-offenses,2906,448,3989,1857,1000,779,384,88,28,2,21
4289,2008,1900,25827,539,all-offenses,2002,864,8180,5307,4612,3802,2037,926,382,104,50
4290,2003,5311,9169,1854,all-offenses,2983,35,1963,4994,3651,2000,523,148,14,7,16
4291,2009,2237,1330,15,all-offenses,34,1,135,992,1044,931,311,99,24,10,1
4292,2009,44447,151481,5936,all-offenses,19479,510,39349,66488,36237,25210,10836,2724,720,151,160
4293,2001,3726,49977,2715,all-offenses,14232,72,13053,18749,6837,2381,970,69,5,6,44
4294,2010,615,995,913,all-offenses,1449,13,76,304,307,219,108,29,7,1,10
4295,2015,34188,154790,84703,all-offenses,98016,775,38662,63868,40462,18566,10988,1591,276,54,423
4296,2013,186831,207994,8448,all-offenses,27244,455,91505,127291,77899,46505,25244,5595,1106,226,203
4297,1996,2,21,1,all-offenses,0,0,2,11,7,2,2,0,0,0,0
4298,1992,218,77,2,all-offenses,4,0,11,14,23,35,15,3,0,0,192
4299,2006,2592,1652,7,all-offenses,49,0,172,1129,1431,1063,301,78,24,3,1
4300,2015,11024,58252,69827,all-offenses,76235,267,18662,22534,12408,4916,3426,360,46,8,241
4301,2001,557,1108,437,all-offenses,746,5,298,449,341,171,73,15,3,0,1
4302,2002,45855,188557,116360,all-offenses,127786,4325,90922,62954,31851,19792,9016,3119,360,92,555
4303,1991,16,17,38,all-offenses,38,0,2,6,3,8,2,2,0,0,10
4304,2006,42050,151200,6771,all-offenses,21537,622,43853,62903,34070,24868,9008,2199,661,152,148
4305,2015,5,21,1,all-offenses,3,0,2,10,11,1,0,0,0,0,0
4306,2004,639,22611,397,all-offenses,2967,142,5657,7068,4104,2494,852,256,64,15,28
4307,2015,89,361,10,all-offenses,12,0,83,141,71,71,57,24,1,0,0
4308,2010,28405,39596,6371,all-offenses,11217,64,5346,24971,17485,10236,3930,875,168,34,46
4309,2006,1448,8111,3115,all-offenses,3589,328,4734,1686,1007,835,363,74,30,8,20
4310,2009,8838,72499,2081,all-offenses,4076,279,24142,30155,12119,7390,3746,1166,272,61,12
4311,2007,47445,135645,549,all-offenses,1182,32,45615,64347,33868,28513,9001,975,84,10,12
4312,2017,340,1499,944,all-offenses,1184,8,243,456,460,279,126,21,4,0,2
4313,2017,796,1403,498,all-offenses,987,3,346,568,372,215,146,40,12,2,6
4314,2006,0,1,5,all-offenses,6,0,0,0,0,0,0,0,0,0,0
4315,2010,159093,165111,5772,all-offenses,21612,473,105658,94765,50283,35874,16580,3656,776,191,108
4316,2011,493,5431,107,all-offenses,275,29,2616,2011,601,322,112,45,12,5,3
4317,2012,490,1944,1714,all-offenses,1983,10,505,674,463,314,158,25,6,2,8
4318,2013,737,1351,1092,all-offenses,1844,14,96,395,372,243,158,32,3,1,22
4319,2012,342,842,66,all-offenses,183,1,139,350,217,185,141,28,3,2,1
4320,1997,18059,86852,565,all-offenses,1856,25,34257,36544,22295,8752,1428,220,52,2,45
4321,2009,82,587,10,all-offenses,21,0,97,127,111,119,124,65,12,3,0
4322,2014,33594,160208,86480,all-offenses,99357,809,42169,67081,38585,18858,10933,1650,288,58,494
4323,2016,243761,532895,8502,all-offenses,28167,2797,131399,240533,182810,107687,66130,19085,4623,1464,463
4324,1994,29084,115567,5278,all-offenses,9622,856,35987,48349,36657,13353,3572,1062,290,69,112
4325,2000,17601,61811,279,all-offenses,668,16,24264,25535,17719,9728,1552,167,28,7,7
4326,2014,102,535,10,all-offenses,18,1,102,152,104,88,103,61,16,2,0
4327,1992,1,9,0,all-offenses,0,0,0,3,2,3,2,0,0,0,0
4328,2001,113,826,58,all-offenses,98,1,234,185,209,163,73,23,8,1,2
4329,2014,1,6,0,all-offenses,0,0,0,2,3,2,0,0,0,0,0
4330,1991,134,177,6384,all-offenses,6427,1,39,83,69,11,3,2,0,0,60
4331,2009,11933,16777,8025,all-offenses,10706,44,2772,9678,7023,4442,1665,287,51,9,58
4332,2003,1234,1328,6,all-offenses,22,1,134,721,865,592,165,45,21,1,1
4333,2003,29700,105127,3982,all-offenses,12702,521,30527,43024,26287,17744,5743,1542,464,123,132
4334,1992,8513,2148,68,all-offenses,211,0,332,1027,862,332,151,28,12,1,7773
4335,2014,10101,54670,62052,all-offenses,66283,261,18449,22227,10845,4798,3207,393,59,15,286
4336,2013,25826,37111,6054,all-offenses,9861,72,4371,22890,17108,9275,4212,895,188,42,77
4337,2009,11108,48489,26433,all-offenses,30163,139,15729,18357,11167,7445,2426,337,83,11,173
4338,2016,5059,3640,33,all-offenses,93,0,431,3173,2413,1442,871,225,67,16,1
4339,2005,88335,342534,2942,all-offenses,6762,107,110577,168971,77193,53641,14343,1831,236,57,93
4340,1994,496,211,246,all-offenses,250,0,39,288,300,49,11,10,6,0,0
4341,2011,2229,28014,593,all-offenses,2044,866,8816,5674,5086,4111,2504,1131,464,111,29
4342,1993,100,197,138,all-offenses,194,1,27,93,82,17,14,6,1,0,0
4343,2003,1026,6151,2201,all-offenses,2547,286,3617,1165,790,646,204,95,16,2,10
4344,2009,0,1,0,all-offenses,0,0,0,0,0,1,0,0,0,0,0
4345,2002,52726,135248,75868,all-offenses,95065,1142,47356,50502,35375,21997,9619,1758,473,115,440
4346,1991,700,412,174,all-offenses,206,0,73,311,198,85,18,2,1,0,392
4347,2006,125,597,18,all-offenses,23,0,86,107,129,137,147,100,8,3,0
4348,2016,312,3012,121,all-offenses,313,77,860,730,653,399,246,117,38,8,4
4349,1994,37,415,48,all-offenses,54,19,106,112,118,44,26,16,4,1,0
4350,2006,8763,72949,1912,all-offenses,3761,247,27772,29451,10742,7440,3110,808,216,53,24
4351,1991,63,846,151,all-offenses,247,1,112,400,216,55,21,4,2,0,2
4352,1992,42250,17152,24667,all-offenses,26759,150,6234,5815,3663,907,188,70,14,7,40262
4353,2009,2,1,4,all-offenses,5,0,1,0,0,1,0,0,0,0,0
4354,2014,15,253,1,all-offenses,6,3,11,83,76,65,18,6,1,0,0
4355,1992,54,53,0,all-offenses,4,0,9,21,16,14,5,0,0,0,38
4356,2006,15447,66820,46136,all-offenses,52382,287,22723,24699,15259,9585,2569,451,144,64,240
4357,2016,41768,74031,24097,all-offenses,31923,346,17561,36778,28223,13904,8676,1872,356,83,174
4358,1994,3160,7960,1163,all-offenses,2008,94,3697,3571,2060,605,161,35,5,1,46
4359,1992,15318,6663,14196,all-offenses,15092,31,3001,1906,1147,220,43,31,5,0,14701
4360,1995,10,45,0,all-offenses,0,0,20,19,9,5,0,2,0,0,0
4361,2014,32491,54922,10564,all-offenses,21815,60,5779,26438,21561,13132,6934,1758,314,66,120
4362,2017,247,481,411,all-offenses,555,1,61,180,177,105,43,13,2,1,1
4363,2006,0,4,0,all-offenses,0,0,1,0,1,1,1,0,0,0,0
4364,2015,130,347,10,all-offenses,7,0,53,75,91,88,102,50,18,2,1
4365,2006,10443,14971,5778,all-offenses,8333,41,2490,8657,6125,3942,1266,241,50,12,35
4366,1991,749,11970,3814,all-offenses,6499,10,2406,5065,2080,372,61,15,5,4,16
4367,1996,3376,13592,27,all-offenses,98,2,6677,5175,3650,1234,138,13,4,0,4
4368,2014,10633,10878,294,all-offenses,874,2,2236,8152,5301,3184,1604,388,56,4,4
4369,2012,62563,176869,921,all-offenses,1384,24,62330,92549,43837,25888,12351,1825,137,19,9
4370,1999,19523,58682,5127,all-offenses,13048,318,16188,19317,18319,10627,3823,1063,326,66,237
4371,2014,2457,13930,277,all-offenses,1447,7,1471,6036,4261,2168,993,206,55,10,10
4372,2010,0,1,0,all-offenses,0,0,0,0,1,0,0,0,0,0,0
4373,2007,297,881,79,all-offenses,191,7,222,278,239,199,84,26,5,2,4
4374,1998,149,2542,44,all-offenses,182,127,918,502,532,286,123,43,13,1,8
4375,2017,113400,255706,1603,all-offenses,2049,41,63991,137822,96524,43790,21571,4484,380,41,16
4376,2007,334,2162,1580,all-offenses,1822,9,522,760,484,346,96,16,3,0,18
4377,1991,1,5,0,all-offenses,0,0,0,4,0,1,0,1,0,0,0
4378,1992,153,112,7635,all-offenses,7673,0,33,50,57,4,3,0,0,0,80
4379,1995,19854,35177,283,all-offenses,1639,601,26500,11159,9170,4044,1203,543,337,72,46
4380,2001,60,235,8,all-offenses,17,0,31,67,50,62,56,14,5,0,1
4381,2016,82504,252338,110278,all-offenses,125279,3702,81110,109333,66984,32183,19750,4778,1026,279,696
4382,1991,6533,3829,188,all-offenses,543,2,454,1935,1525,611,179,60,8,0,5233
4383,1994,8937,49171,62977,all-offenses,67185,1709,26806,14087,7962,2345,579,198,64,19,131
4384,2000,102,317,17,all-offenses,50,0,88,99,105,57,28,7,0,0,2
4385,2000,209,1804,1739,all-offenses,1876,18,782,484,321,184,67,15,3,0,2
4386,2014,9789,85490,4887,all-offenses,24509,114,22844,34385,11693,4247,1984,250,25,6,109
4387,2008,3,0,4,all-offenses,4,0,0,0,1,2,0,0,0,0,0
4388,1999,2282,10629,619,all-offenses,902,28,5332,3710,2178,1024,280,46,14,4,12
4389,2010,56,175,4,all-offenses,7,1,31,85,35,47,19,5,3,1,1
4390,2008,12184,18156,7317,all-offenses,10145,41,3117,10044,7681,4651,1528,294,63,9,84
4391,2011,1348,7024,2719,all-offenses,3155,305,3508,1720,1006,790,472,91,24,5,15
4392,2003,1338,19627,438,all-offenses,1709,649,6510,3860,3771,2664,1283,610,271,54,22
4393,1992,778,330,16,all-offenses,54,0,89,241,161,65,16,1,0,0,497
4394,2011,43657,145335,6461,all-offenses,18546,511,33124,65146,36765,24416,12576,3273,790,197,109
4395,1992,103,992,21,all-offenses,118,0,140,478,266,86,24,4,0,0,0
4396,2008,12569,55529,30090,all-offenses,34841,129,18359,20391,12557,8721,2573,374,82,11,150
4397,1991,25702,15394,42269,all-offenses,44937,101,3974,5609,3812,804,219,81,34,10,23784
4398,2008,0,6,0,all-offenses,0,0,4,1,0,1,0,0,0,0,0
4399,2011,2233,1403,14,all-offenses,55,0,203,1135,1068,746,324,84,26,7,2
4400,2014,1203,2428,721,all-offenses,1094,18,670,1175,650,383,290,53,14,0,5
4401,2008,8643,74539,2028,all-offenses,4082,272,27393,30006,11265,7390,3482,1001,228,59,32
4402,1991,78,129,6,all-offenses,8,0,10,40,39,30,21,8,1,0,56
4403,1996,80,712,181,all-offenses,237,4,320,229,109,43,24,5,1,0,1
4404,1991,8867,4980,23969,all-offenses,25001,19,1638,1535,922,184,40,26,15,1,8435
4405,1996,25,146,3,all-offenses,16,0,45,33,45,26,5,3,1,0,0
4406,2015,2281,7771,472,all-offenses,893,46,5023,1648,1190,866,547,221,65,20,5
4407,2015,27,96,7,all-offenses,16,0,12,46,38,9,8,1,0,0,0
4408,2004,279,140,19,all-offenses,46,0,20,126,137,73,24,8,2,0,2
4409,2003,223,3563,33,all-offenses,140,22,1565,1470,389,146,62,14,7,2,2
4410,1999,176,1237,68,all-offenses,97,2,299,536,280,155,68,26,14,3,1
4411,2008,105,416,4,all-offenses,11,0,83,101,77,93,109,39,12,0,0
4412,1992,914,14922,1789,all-offenses,4258,19,3646,6575,2600,401,88,13,7,1,17
4413,2002,180,2364,58,all-offenses,231,57,750,595,486,296,119,46,15,5,2
4414,2006,1928,25907,568,all-offenses,2077,898,8387,5465,4649,3676,1924,871,303,104,49
4415,1997,94,1948,24,all-offenses,110,114,717,406,388,215,82,28,3,1,2
4416,2016,95780,199683,96556,all-offenses,117942,1542,43901,88607,70126,37767,24259,5731,1291,294,559
4417,1994,15152,50913,45468,all-offenses,52794,561,19344,19991,12768,4224,1193,429,120,21,88
4418,2007,935,3379,583,all-offenses,1332,17,1117,1360,596,343,96,23,7,0,6
4419,1999,2949,4198,1258,all-offenses,1883,7,1494,2513,1632,632,172,24,9,1,38
4420,2013,74,194,4,all-offenses,6,2,51,104,46,24,24,8,6,1,0
4421,2001,16329,101591,59974,all-offenses,68911,901,40922,32316,18870,9631,4416,1556,90,29,252
4422,2012,119,299,6,all-offenses,15,0,58,149,97,56,34,13,2,0,0
4423,1993,81,4748,235,all-offenses,589,23,1147,1668,1053,394,122,41,16,0,11
4424,2014,1988,7078,440,all-offenses,770,43,4629,1525,1067,667,502,217,69,10,7
4425,2014,19,65,1,all-offenses,10,0,11,40,17,5,1,1,0,0,0
4426,2001,49,414,7,all-offenses,11,0,124,135,75,56,49,15,5,0,0
4427,2002,23000,50014,26450,all-offenses,33741,307,20321,20056,13740,8151,2394,519,111,30,94
4428,2005,270,5224,79,all-offenses,415,239,2013,1030,842,654,237,99,36,4,4
4429,2001,5170,40340,58336,all-offenses,60345,180,18803,11584,5219,3710,3356,523,19,19,88
4430,2015,1271,2478,734,all-offenses,1122,16,718,1100,773,394,283,58,7,1,11
4431,2000,371,1432,462,all-offenses,806,11,408,566,300,116,38,8,3,1,8
4432,2011,2,3,9,all-offenses,10,0,0,1,0,1,1,0,1,0,0
4433,2006,379,5221,41,all-offenses,245,45,2375,2032,556,270,84,25,4,1,4
4434,2017,114,317,15,all-offenses,19,0,41,137,113,69,51,13,3,0,0
4435,2004,1495,13439,26081,all-offenses,26829,79,4778,4612,1832,2056,575,103,11,5,135
4436,2013,29,187,1,all-offenses,1,0,3,59,70,45,28,9,1,1,0
4437,1993,21,213,3,all-offenses,8,8,75,38,50,33,13,3,4,1,4
4438,2015,11067,10545,261,all-offenses,941,1,2520,8040,5218,3154,1579,347,56,4,13
4439,2008,1419,7855,2905,all-offenses,3111,559,4386,1791,950,895,347,89,23,7,21
4440,2011,11970,16241,8325,all-offenses,10503,35,2520,9758,7088,4475,1692,332,64,8,61
4441,2002,140842,383735,7408,all-offenses,25519,2704,123658,158463,120524,73281,20557,4854,1492,379,554
4442,2008,2023,1525,15,all-offenses,35,1,188,1047,1008,862,311,76,26,8,1
4443,2011,4,13,0,all-offenses,0,0,4,2,3,6,2,0,0,0,0
4444,2009,2075,26669,643,all-offenses,2194,832,8522,5412,4921,3793,2243,988,343,107,32
4445,2008,43715,152700,5854,all-offenses,19564,597,42341,65354,35050,25417,10361,2604,654,172,155
4446,2011,11475,47660,26986,all-offenses,31072,105,13186,19050,11992,7342,2721,426,88,21,118
4447,1995,3926,5993,348,all-offenses,951,3,2139,3514,2625,783,160,31,9,1,51
4448,2015,2685,15035,314,all-offenses,1481,8,1653,6336,4764,2356,1075,283,55,7,16
4449,1995,39,83,12,all-offenses,19,0,25,38,33,18,0,1,0,0,0
4450,1991,56,90,4,all-offenses,5,0,3,22,37,18,23,7,4,0,31
4451,2009,504,5765,69,all-offenses,319,42,2769,2137,601,295,117,45,5,2,6
4452,2001,7,70,0,all-offenses,1,0,4,28,23,16,4,1,0,0,0
4453,1992,23,26,65,all-offenses,64,0,4,10,6,11,4,0,0,0,15
4454,2011,9271,72367,2192,all-offenses,4041,285,21566,30895,13447,7739,4147,1324,308,66,12
4455,1996,108,680,52,all-offenses,145,3,250,263,135,31,8,2,0,0,3
4456,2001,15698,27581,3709,all-offenses,8383,24,4891,13139,11294,6534,2023,438,121,21,120
4457,2011,80,362,11,all-offenses,18,1,53,79,65,89,79,54,15,0,0
4458,2015,10468,86853,5585,all-offenses,25451,104,22710,34925,12630,4512,2056,268,17,10,223
4459,2002,4297,2822,12,all-offenses,43,1,395,2001,2550,1608,377,100,41,6,9
4460,2011,300,2661,51,all-offenses,234,71,751,690,567,365,213,80,28,6,7
4461,1991,5413,2273,1343,all-offenses,1607,1,444,1494,986,222,76,18,4,2,4175
4462,2013,1224,2592,656,all-offenses,1063,14,801,1164,672,405,294,43,7,1,8
4463,2010,891,4437,279,all-offenses,496,17,2037,1102,803,620,375,125,20,5,7
4464,2003,48047,199142,119049,all-offenses,135398,4092,94906,66000,32818,20955,7143,3443,599,138,746
4465,2004,51311,131802,6714,all-offenses,21710,552,34077,49611,40397,29635,9783,2912,781,198,171
4466,2011,40292,78846,25862,all-offenses,33601,263,25661,40930,22246,14088,6416,1207,251,55,282
4467,2009,85249,192198,91000,all-offenses,114255,1276,61566,83860,49414,36715,16230,3365,778,182,806
4468,2002,1,0,1,all-offenses,2,0,0,0,0,0,0,0,0,0,0
4469,2015,69,227,0,all-offenses,0,2,37,124,65,30,14,17,6,1,0
4470,2001,69302,103693,3524,all-offenses,13253,930,69872,38185,28564,18042,5498,1361,528,141,145
4471,1995,56,132,2,all-offenses,4,0,1,55,44,41,29,13,3,0,0
4472,1991,13,19,0,all-offenses,2,0,2,9,8,3,0,0,0,0,8
4473,2016,467,4179,74,all-offenses,187,23,1953,1622,527,233,109,49,13,4,0
4474,1994,36,691,2,all-offenses,19,1,325,279,70,21,8,4,0,2,0
4475,1998,10296,36010,126,all-offenses,334,13,14766,14522,11032,4958,698,84,14,2,9
4476,2017,563,8303,170,all-offenses,720,257,2819,1772,1525,952,668,235,62,13,13
4477,2002,4227,7337,1451,all-offenses,2306,12,1729,4302,2854,1375,343,71,7,1,15
4478,2004,6116,24947,1530,all-offenses,1980,47,9906,10351,5807,3444,859,152,27,4,16
4479,2011,239809,552697,8255,all-offenses,31996,2668,162352,257570,162815,114121,52713,12254,3058,886,328
4480,2012,444,7340,105,all-offenses,548,253,2603,1650,1217,823,540,170,45,24,16
4481,2013,9577,90245,5073,all-offenses,25414,98,24040,36600,11601,4600,1964,235,23,10,310
4482,2002,0,1,0,all-offenses,0,0,0,0,0,0,0,0,1,0,0
4483,2005,47,140,4,all-offenses,6,0,24,70,48,23,17,1,2,0,0
4484,2002,9717,46631,26214,all-offenses,29441,108,19575,15480,10026,5267,2289,244,30,9,93
4485,2015,67,482,1,all-offenses,2,0,10,146,173,109,78,24,5,3,0
4486,2013,9982,10401,229,all-offenses,870,1,2042,7791,4864,3247,1392,351,48,2,4
4487,2002,5317,43489,1473,all-offenses,2869,192,16054,16608,7169,4843,1796,560,129,32,27
4488,2016,2762,31432,795,all-offenses,2195,1170,9693,6137,6087,4159,3107,1564,585,163,129
4489,2002,106,423,17,all-offenses,27,0,78,90,98,129,82,37,4,1,0
4490,1994,344,5021,230,all-offenses,468,190,1502,1103,1141,600,353,157,54,23,4
4491,2004,293,2260,213,all-offenses,348,2,467,1037,428,309,103,44,17,9,2
4492,2011,5810,3606,17,all-offenses,64,2,436,2841,2605,2227,977,207,58,14,2
4493,1997,12,45,0,all-offenses,3,0,8,22,12,6,6,0,0,0,0
4494,2006,82627,200199,100513,all-offenses,130594,1254,61099,79715,51609,38913,14243,3573,915,218,1206
4495,2013,2529,13944,267,all-offenses,1310,7,1545,6064,4282,2177,1029,246,46,17,17
4496,1999,211,66,3,all-offenses,3,0,14,112,89,42,13,6,1,0,0
4497,1995,4387,29423,6529,all-offenses,8451,304,13841,9333,5968,1800,388,81,32,4,137
4498,2008,266,2816,52,all-offenses,301,77,852,739,505,357,204,60,25,8,6
4499,2009,77937,276070,131532,all-offenses,149381,4031,120196,110743,50144,33320,13269,2448,629,177,1201
4500,2010,9172,100572,4457,all-offenses,26719,145,29057,40066,11017,5102,1713,200,14,9,159
4501,2004,8883,11906,4637,all-offenses,6430,32,3121,7084,4922,2843,651,210,20,6,107
4502,2008,34957,70203,23525,all-offenses,33074,278,27440,31867,17749,12477,4651,810,166,51,122
4503,2010,2375,14006,246,all-offenses,1554,9,1852,6180,3812,2114,875,178,36,9,8
4504,2014,40,251,1,all-offenses,11,0,4,69,79,70,36,17,4,2,0
4505,2010,8904,9277,344,all-offenses,1049,4,1844,6741,4214,3022,1297,301,38,3,12
4506,1992,3,15,2,all-offenses,3,1,9,5,0,1,1,0,0,0,0
4507,1995,1143,11177,4976,all-offenses,5733,63,6910,2730,1306,396,73,14,1,1,69
4508,1996,11897,60809,283,all-offenses,1304,26,23500,25479,15538,5954,930,181,32,6,39
4509,1995,20,78,0,all-offenses,0,0,16,37,16,15,10,4,0,0,0
4510,2003,58494,147093,79277,all-offenses,105428,1050,47266,55126,38031,25298,8273,2844,672,142,734
4511,2007,101499,392861,3026,all-offenses,6861,164,129377,195139,84913,58550,19281,2680,303,38,80
4512,2002,1109,6030,2152,all-offenses,2459,363,3599,1151,791,616,217,72,12,1,10
4513,2001,24145,31358,5866,all-offenses,10385,49,7493,20017,14473,6824,1631,297,63,16,121
4514,2013,1492,6051,336,all-offenses,650,20,3506,1343,933,687,463,210,61,3,3
4515,2013,2,8,0,all-offenses,0,0,1,5,4,0,0,0,0,0,0
4516,1999,467,5823,11099,all-offenses,11538,26,2500,1735,711,501,314,12,7,0,45
4517,2002,29602,106808,4095,all-offenses,13015,546,30952,43506,27418,17323,5550,1488,439,108,160
4518,2010,1093,2162,667,all-offenses,1026,12,734,980,518,411,187,34,6,5,9
4519,2008,219079,549117,8232,all-offenses,35027,3160,179246,243064,151404,110357,41516,9182,2385,676,411
4520,1997,6204,22817,75,all-offenses,219,5,10401,8941,6663,2518,309,33,1,1,5
4521,2002,968,1090,13,all-offenses,30,0,105,600,721,424,123,43,15,2,8
4522,2006,72913,287598,150800,all-offenses,172776,4639,135295,103233,46239,32501,11217,3207,736,205,1263
4523,2000,42851,196845,1498,all-offenses,4496,55,72367,87064,46627,24767,4743,713,137,15,210
4524,1998,14,70,4,all-offenses,7,0,16,19,18,14,9,5,0,0,0
4525,2008,7437,3884,12,all-offenses,64,0,604,3494,3247,2763,882,208,59,11,1
4526,1995,1997,4449,141,all-offenses,539,1,931,2214,1818,778,197,60,15,0,34
4527,2014,84,179,7,all-offenses,7,3,35,86,69,36,17,12,4,1,0
4528,2001,205,358,170,all-offenses,243,2,65,154,95,148,21,4,1,0,0
4529,1991,17744,15334,9425,all-offenses,11640,134,6866,7008,4799,1611,564,322,134,23,9402
4530,1995,5,8,0,all-offenses,0,0,0,6,1,3,2,1,0,0,0
4531,2005,41594,118896,506,all-offenses,1318,24,37366,55705,32907,26447,6541,603,53,22,10
4532,1999,16,338,15,all-offenses,34,7,104,59,84,48,20,11,1,0,1
4533,2016,12908,18762,12600,all-offenses,14266,113,2273,10905,9062,4489,2479,501,76,17,89
4534,1994,117,342,37,all-offenses,81,1,115,149,107,30,5,4,1,0,3
4535,1995,252,1542,25,all-offenses,163,2,269,633,538,154,40,13,2,2,3
4536,2002,169,3222,23,all-offenses,116,9,1406,1335,332,143,44,18,4,0,7
4537,2015,24753,38592,7148,all-offenses,11726,43,4395,22299,17617,8710,4412,981,210,52,48
4538,2006,33003,68480,27160,all-offenses,36683,324,26282,29702,17797,12329,4081,866,253,72,254
4539,2009,7662,3898,57,all-offenses,129,0,583,3576,3218,2819,990,226,61,15,0
4540,2016,21564,70353,38872,all-offenses,44292,519,19635,29557,21880,9451,4404,695,124,27,205
4541,1994,2119,12938,9066,all-offenses,9963,39,7235,3945,2103,619,147,39,5,1,27
4542,2010,159,1012,6,all-offenses,17,0,325,290,169,175,95,83,20,3,0
4543,1995,901,1005,38,all-offenses,99,0,407,702,414,242,59,14,0,0,7
4544,2016,2,11,0,all-offenses,2,0,8,1,1,1,0,0,0,0,0
4545,1994,0,3,2,all-offenses,2,0,2,1,0,0,0,0,0,0,0
4546,2010,10092,64598,77909,all-offenses,84187,360,26853,23953,8825,5115,2512,327,43,13,411
4547,1995,827,10917,296,all-offenses,1604,16,3637,4484,1763,420,65,10,2,1,38
4548,2016,15209,98085,5412,all-offenses,8533,246,22419,44351,23707,10685,6147,2008,487,91,32
4549,1994,1145,11879,474,all-offenses,702,53,4831,3943,2319,1061,384,146,36,9,14
4550,2010,33283,193391,108131,all-offenses,127906,1054,62171,77232,34591,20949,8680,1241,240,62,679
4551,2015,935,1736,1723,all-offenses,2807,5,108,446,451,264,217,61,9,3,23
4552,1991,0,14,0,all-offenses,0,1,7,6,0,0,0,0,0,0,0
4553,2006,224,2757,70,all-offenses,269,75,832,675,554,369,181,65,19,9,3
4554,2009,229453,563668,8452,all-offenses,34047,2826,177395,255889,159691,113271,44472,10278,2598,721,385
4555,2014,196505,221310,8923,all-offenses,29971,394,89286,135539,86558,49042,27890,6403,1205,260,190
4556,2002,1276,18791,482,all-offenses,1632,693,6548,3475,3631,2511,1169,579,219,50,42
4557,2016,51,223,12,all-offenses,14,0,52,42,37,39,48,33,19,2,0
4558,1994,48,127,0,all-offenses,3,0,9,41,38,44,28,12,0,0,0
4559,2006,6833,3676,24,all-offenses,76,1,510,2982,3375,2660,710,170,37,12,0
4560,2009,35624,71072,23229,all-offenses,31227,295,26831,34398,18082,12641,5112,916,179,43,201
4561,2011,92195,219136,103426,all-offenses,126860,1218,59719,99147,60408,41050,20034,4431,1034,251,605
4562,1997,50,194,12,all-offenses,35,0,71,58,51,27,7,4,3,0,0
4563,1997,149,1030,611,all-offenses,712,2,476,282,199,75,18,9,3,0,14
4564,2013,136,488,7,all-offenses,7,0,56,98,121,114,131,80,21,3,0
4565,2012,130175,440741,3828,all-offenses,6612,78,130860,229877,111166,60572,29622,5185,640,43,89
4566,2017,201502,545168,5027,all-offenses,7275,94,134911,286611,185231,84318,42439,9686,978,94,60
4567,2010,21,169,0,all-offenses,4,0,9,52,86,23,6,8,2,0,0
4568,1998,248,942,300,all-offenses,472,12,325,365,210,51,38,6,1,0,10
4569,1993,479,923,298,all-offenses,404,0,327,614,264,74,9,1,0,1,6
4570,2010,30563,48324,7880,all-offenses,16228,83,6634,24253,18906,13097,5772,1324,294,43,133
4571,1999,310,11456,150,all-offenses,1282,89,3117,3434,2321,1081,397,127,30,7,31
4572,2005,278,2312,1934,all-offenses,2179,16,599,762,508,288,92,33,6,2,39
4573,2006,201220,522870,8219,all-offenses,35213,3255,174328,224019,145710,105074,33947,7489,2160,611,503
4574,2005,256,760,21,all-offenses,97,2,169,275,231,176,66,16,3,2,0
4575,2009,254,2604,48,all-offenses,217,79,741,688,523,333,213,77,27,4,4
4576,2008,76236,286736,140506,all-offenses,161760,4575,132834,107135,47368,33438,12150,2336,571,179,1132
4577,1992,26429,18624,4019,all-offenses,5657,395,11512,7363,5024,1974,723,419,221,49,15735
4578,2016,3132,3877,4059,all-offenses,4673,14,358,2232,2146,1040,466,109,15,3,12
4579,1995,82,184,60,all-offenses,90,0,80,65,57,26,5,0,1,0,2
4580,2003,4554,2447,20,all-offenses,39,2,311,1866,2532,1752,382,90,41,6,0
4581,1992,6715,2313,968,all-offenses,1242,2,700,1521,830,256,56,14,5,0,5370
4582,1993,432,2030,49,all-offenses,115,5,1289,612,327,113,25,8,1,0,16
4583,2013,31144,52031,9553,all-offenses,18768,85,5936,26052,20235,13090,6551,1520,280,55,156
4584,2016,1632,6461,2098,all-offenses,2399,256,2598,1784,1411,878,593,214,33,8,17
4585,1994,232,1708,930,all-offenses,1016,167,1011,313,214,106,25,9,4,1,4
4586,2013,10,195,0,all-offenses,5,0,11,60,70,39,11,5,3,0,1
4587,2016,1725,2028,39,all-offenses,85,0,230,1420,1092,545,307,82,20,7,4
4588,1994,62,185,17,all-offenses,20,0,21,92,71,33,17,7,2,1,0
4589,2010,156,592,20,all-offenses,20,0,82,127,136,157,144,87,14,1,0
4590,2016,48209,160748,8396,all-offenses,21295,503,28272,69278,47965,26861,16720,4942,1131,273,113
4591,1994,10345,41937,2279,all-offenses,4534,285,14279,17103,11411,4673,1486,550,178,31,31
4592,1996,84,1368,17,all-offenses,70,62,523,296,304,112,72,20,7,0,3
4593,2003,149488,404513,7403,all-offenses,27246,2760,132628,166777,122002,79507,22529,5443,1632,438,442
4594,1995,13,130,11,all-offenses,25,0,24,23,43,20,11,5,2,0,1
4595,1993,96,729,74,all-offenses,98,0,208,307,167,73,24,17,3,2,0
4596,1992,17,26,1,all-offenses,9,0,7,12,5,4,2,0,0,0,5
4597,2014,25021,37109,6546,all-offenses,10861,63,4176,22145,16961,8809,4404,963,182,39,73
4598,2013,10290,56702,63290,all-offenses,67340,275,19157,23419,11286,4853,3081,340,55,17,459
4599,2008,84458,199282,94822,all-offenses,120301,1126,64610,81782,50385,38841,15860,3492,842,208,1115
4600,2013,109,613,9,all-offenses,12,0,142,208,142,95,75,45,11,1,0
4601,1997,196,803,110,all-offenses,235,1,269,335,186,47,24,2,1,0,9
4602,2013,3,7,0,all-offenses,1,0,0,2,6,1,0,0,0,0,0
4603,2003,24563,52250,25287,all-offenses,32827,284,21080,21691,14375,8655,2395,561,108,32,92
4604,1993,2695,10165,480,all-offenses,1410,26,2705,3793,3204,1446,531,154,45,6,20
4605,2007,344,5592,87,all-offenses,452,210,2134,1227,856,686,297,116,37,5,3
4606,1998,161,1136,871,all-offenses,997,9,546,287,194,72,35,6,2,0,20
4607,1998,55,244,9,all-offenses,38,3,71,64,72,37,21,1,0,1,0
4608,2011,76421,260371,118166,all-offenses,136211,3440,101573,110954,52046,31254,14526,3139,749,239,827
4609,2005,851,2981,663,all-offenses,1293,12,1025,1143,622,300,81,13,1,0,5
4610,2001,31,115,2,all-offenses,2,1,34,52,25,23,9,1,0,0,1
4611,2000,217,3505,66,all-offenses,274,163,1469,686,612,359,138,57,14,4,12
4612,2015,201257,231427,8998,all-offenses,32280,433,85830,138141,95321,51333,29541,7243,1225,251,84
4613,2013,34697,175437,95172,all-offenses,109750,916,47221,74370,39513,20066,10836,1491,288,65,790
4614,2003,179,2126,50,all-offenses,210,68,659,482,420,312,132,49,15,7,1
4615,2014,765,1380,1331,all-offenses,2179,8,108,358,358,237,155,54,7,1,11
