FIPS,Pop Per Sq Mile
01001,91.8
01003,114.6
01005,31
01007,36.8
01009,88.9
01011,17.5
01013,27
01015,195.7
01017,57.4
01019,46.9
01021,63
01023,15.2
01025,20.9
01027,23.1
01029,26.7
01031,73.6
01033,91.8
01035,15.6
01037,17.7
01039,36.6
01041,22.8
01043,109.4
01045,89.6
01047,44.8
01049,91.5
01051,128.2
01053,40.5
01055,195.2
01057,27.5
01059,50
01061,46.6
01063,14
01065,24.5
01067,30.8
01069,175.1
01071,49.4
01073,592.5
01075,24.1
01077,138.8
01079,49.7
01081,230.8
01083,147.8
01085,15.8
01087,35.2
01089,417.7
01091,21.5
01093,41.5
01095,164.4
01097,335.9
01099,22.5
01101,292.5
01103,206.3
01105,14.7
01107,22.4
01109,48.9
01111,39.5
01113,82.6
01115,132.3
01117,248.5
01119,15.2
01121,111.7
01123,58.1
01125,147.3
01127,84.7
01129,16.3
01131,13.1
01133,39.9
02,1.2
02013,0.4
02016,1.3
02020,171.2
02050,0.4
02060,2
02068,0.1
02070,0.3
02090,13.3
02100,1.1
02105,0.3
02110,11.6
02122,3.4
02130,2.8
02150,2.1
02164,0.1
02170,3.6
02180,0.4
02185,0.1
02188,0.2
02195,1.2
02198,1.4
02220,3.1
02230,2.1
02240,0.3
02261,0.3
02270,0.4
02275,0.9
02282,0.1
02290,0
04,56.3
04001,6.4
04003,21.3
04005,7.2
04007,11.3
04009,8.1
04011,4.6
04012,4.6
04013,414.9
04015,15
04017,10.8
04019,106.7
04021,70
04023,38.3
04025,26
04027,35.5
05,56
05001,19.2
05003,23.6
05005,74.9
05007,261.2
05009,62.5
05011,17.7
05013,8.5
05015,43.6
05017,18.3
05019,26.6
05021,25.2
05023,46.9
05025,14.5
05027,32.1
05029,38.5
05031,136.4
05033,104.4
05035,83.5
05037,29
05039,12.2
05041,16.9
05043,22.3
05045,174.8
05047,29.8
05049,19.8
05051,141.7
05053,28.3
05055,72.9
05057,31.1
05059,53.5
05061,23.4
05063,48
05065,23.6
05067,28.4
05069,88.9
05071,38.7
05073,14.5
05075,29.6
05077,17.3
05079,25.2
05081,24.7
05083,31.6
05085,88.7
05087,18.8
05089,27.9
05091,69.5
05093,51.6
05095,13.4
05097,12.2
05099,14.6
05101,10.1
05103,35.6
05105,18.9
05107,31.3
05109,18.8
05111,32.4
05113,24.1
05115,76
05117,13.4
05119,503.8
05121,27.6
05123,44.5
05125,148
05127,12.6
05129,12.3
05131,236.4
05133,30.2
05135,28.6
05137,20.4
05139,40.1
05141,24.4
05143,215.6
05145,74.5
05147,12.4
05149,23.9
06,239.1
06001,2043.6
06003,1.6
06005,64.1
06007,134.4
06009,44.7
06011,18.6
06013,1465.2
06015,28.4
06017,106
06019,156.2
06021,21.4
06023,37.7
06025,41.8
06027,1.8
06029,103.3
06031,110.1
06033,51.5
06035,7.7
06037,2419.6
06039,70.6
06041,485.1
06043,12.6
06045,25.1
06047,132.2
06049,2.5
06051,4.7
06053,126.5
06055,182.4
06057,103.1
06059,3807.7
06061,247.6
06063,7.8
06065,303.8
06067,1470.8
06069,39.8
06071,101.5
06073,735.8
06075,17179.2
06077,492.6
06079,81.7
06081,1602.2
06083,155
06085,1381
06087,589.4
06089,46.9
06091,3.4
06093,7.2
06095,503
06097,307.1
06099,344.2
06101,157.3
06103,21.5
06105,4.3
06107,91.7
06109,24.9
06111,446.7
06113,197.9
06115,114.2
08,48.5
08001,378.2
08003,21.4
08005,716.7
08007,8.9
08009,1.5
08011,4.3
08013,405.6
08014,1691.9
08015,17.6
08017,1
08019,23
08021,6.4
08023,2.9
08025,7.4
08027,5.8
08029,27.1
08031,3922.6
08033,1.9
08035,339.7
08037,31
08039,12.5
08041,292.6
08043,30.5
08045,19.1
08047,36.3
08049,8
08051,4.7
08053,0.8
08055,4.2
08057,0.9
08059,699.5
08061,0.8
08063,3.8
08065,19.4
08067,30.3
08069,115.4
08071,3.2
08073,2.1
08075,12.4
08077,44.1
08079,0.8
08081,2.9
08083,12.6
08085,18.4
08087,22
08089,14.9
08091,8.2
08093,7.4
08095,6.5
08097,17.7
08099,7.7
08101,66.7
08103,2.1
08105,13.1
08107,10
08109,1.9
08111,1.8
08113,5.7
08115,4.3
08117,46
08119,41.9
08121,1.9
08123,63.4
08125,4.2
09,738.1
09001,1467.2
09003,1216.2
09005,206.3
09007,448.6
09009,1426.7
09011,412.2
09013,372.2
09015,230.9
010,460.8
10001,276.9
10003,1263.2
10005,210.6
011,9856.5
11001,9856.5
012,350.6
12001,282.7
12003,46.3
12005,222.6
12007,97
12009,535
12011,1444.9
12013,25.8
12015,235.2
12017,242.8
12019,315.8
12021,160.9
12023,84.7
12027,54.7
12029,23.3
12031,1133.9
12033,453.4
12035,197.1
12037,21.6
12039,89.8
12041,48.4
12043,16
12045,28.1
12047,28.8
12049,43.5
12051,34
12053,365.6
12055,97.2
12057,1204.9
12059,41.6
12061,274.5
12063,54.2
12065,24.7
12067,16.3
12069,316.6
12071,788.7
12073,413.1
12075,36.5
12077,10
12079,27.6
12081,434.5
12083,209.1
12085,269.2
12086,1315.5
12087,74.3
12089,113
12091,194.4
12093,52
12095,1268.5
12097,202.4
12099,670.2
12101,622.2
12103,3347.5
12105,334.9
12107,102.2
12109,316.4
12111,485.7
12113,149.6
12115,682.6
12117,1367
12119,170.8
12121,60.3
12123,21.6
12125,63.8
12127,449.2
12129,50.8
12131,53
12133,42.7
013,168.4
13001,36
13003,24.7
13005,42.9
13007,10.1
13009,177.3
13011,79.3
13013,432.7
13015,217.9
13017,70.5
13019,42.7
13021,622.8
13023,60.5
13025,41.6
13027,32.9
13029,69.3
13031,104.4
13033,28.2
13035,128.3
13037,23.9
13039,82.4
13043,45.3
13045,221.5
13047,394.3
13049,15.7
13051,621.7
13053,45.3
13055,83
13057,508.3
13059,979.1
13061,16.3
13063,1832.5
13065,8.5
13067,2026.4
13069,73.7
13071,83.6
13073,427.6
13075,75.8
13077,288.8
13079,38.9
13081,86
13083,95.6
13085,105.9
13087,46.6
13089,2585.7
13091,44
13093,38.1
13095,287.7
13097,661.8
13099,21.5
13101,9.7
13103,109.4
13105,57.4
13107,33.2
13109,60.2
13111,61.2
13113,548.3
13115,188.9
13117,783.5
13119,84.5
13121,1748
13123,66.3
13125,21.4
13127,189.7
13129,155.1
13131,55
13133,41.3
13135,1871.2
13137,155.5
13139,457.5
13141,20
13143,102
13145,69
13147,108.5
13149,40
13151,633
13153,372.5
13155,26.9
13157,178.1
13159,37.8
13161,45.6
13163,32.2
13165,24
13167,32.9
13169,72.8
13171,99.8
13173,54.4
13175,60
13177,79.5
13179,129.5
13181,38
13183,36.1
13185,220.2
13187,105.9
13189,85
13191,33.8
13193,36.8
13195,99.6
13197,23.9
13199,43.9
13201,21.7
13205,45.9
13207,66.8
13209,38.1
13211,51.4
13213,115
13215,877.5
13217,367.3
13219,178
13221,33.9
13223,455.8
13225,184.3
13227,126.8
13229,59.3
13231,82.7
13233,133.6
13235,48.2
13237,61.6
13239,16.6
13241,44
13243,18
13245,618.4
13247,656.5
13249,30
13251,22.6
13253,37.1
13255,326.1
13257,146.1
13259,13.2
13261,68
13263,17.5
13265,8.8
13267,53.2
13269,23.6
13271,37.7
13273,27.8
13275,82.1
13277,154.9
13279,74.8
13281,62.9
13283,34.5
13285,161.9
13287,31.3
13289,25.2
13291,66.3
13293,84
13295,154
13297,257.2
13299,40.7
13301,20.5
13303,31.2
13305,46.9
13307,13.4
13309,25.1
13311,112.8
13313,353.2
13315,24.5
13317,22.6
13319,21.4
13321,38
015,211.8
15001,45.9
15003,1586.7
15005,7.5
15007,108.2
15009,133.3
016,19
16001,372.8
16003,2.9
16005,74.5
16007,6.1
16009,12
16011,21.8
16013,8.1
16015,3.7
16017,23.6
16019,55.9
16021,8.6
16023,1.3
16025,1
16027,321.6
16029,3.9
16031,8.9
16033,0.6
16035,3.6
16037,0.9
16039,8.8
16041,19.3
16043,7.1
16045,29.8
16047,21.2
16049,1.9
16051,23.9
16053,37.5
16055,111.3
16057,34.6
16059,1.7
16061,8
16063,4.3
16065,80
16067,26.5
16069,46.3
16071,3.6
16073,1.5
16075,55.6
16077,5.6
16079,4.9
16081,22.6
16083,40.2
16085,2.7
16087,7
017,231.1
17001,78.5
17003,35
17005,46.7
17007,193
17009,22.7
17011,40.2
17013,20
17015,34.6
17017,36.3
17019,201.8
17021,49.1
17023,32.6
17025,29.5
17027,79.7
17029,106
17031,5495.1
17033,44.7
17035,31.9
17037,166.6
17039,41.7
17041,48
17043,2799.8
17045,29.8
17047,30.2
17049,71.5
17051,30.9
17053,29
17055,96.8
17057,42.8
17059,17.3
17061,25.6
17063,119.8
17065,19.5
17067,24.1
17069,24.3
17071,19.3
17073,61.3
17075,26.6
17077,103.1
17079,19.6
17081,68
17083,62.2
17085,37.7
17087,36.6
17089,990.8
17091,167.7
17093,358.2
17095,73.9
17097,1585.6
17099,100.4
17101,45.2
17103,49.7
17105,37.3
17107,49
17109,55.3
17111,511.9
17113,143.3
17115,190.8
17117,55.4
17119,376.3
17121,68.9
17123,32.7
17125,27.2
17127,65
17129,40.4
17131,29.3
17133,85.6
17135,42.8
17137,62.5
17139,44.2
17141,70.5
17143,301.2
17145,50.6
17147,38.1
17149,19.8
17151,12.1
17153,30.9
17155,37.5
17157,58.2
17159,45.1
17161,345
17163,410.6
17165,65.6
17167,227.4
17169,17.3
17171,21.3
17173,29.5
17175,20.8
17177,84.5
17179,208.6
17181,43.1
17183,90.9
17185,53.5
17187,32.6
17189,26.2
17191,23.5
17193,29.6
17195,85.5
17197,809.6
17199,157.9
17201,575.2
17203,73.3
018,181
18001,101.4
18003,540.6
18005,188.7
18007,21.8
18009,77.3
18011,133.9
18013,48.9
18015,54.1
18017,94.5
18019,295.6
18021,75.2
18023,82
18025,35.1
18027,73.7
18029,164.1
18031,69.1
18033,116.4
18035,300.1
18037,98
18039,426.5
18041,112.9
18043,504.1
18045,43.6
18047,60.1
18049,56.6
18051,68.7
18053,169.2
18055,61.1
18057,696.4
18059,228.8
18061,81.2
18063,357.4
18065,126.2
18067,282.4
18069,97
18071,83.2
18073,59.8
18075,55.4
18077,89.9
18079,75.7
18081,435.8
18083,74.5
18085,145.6
18087,97.8
18089,994.1
18091,186.3
18093,102.7
18095,291.3
18097,2279.6
18099,106.1
18101,30.8
18103,98.7
18105,349.7
18107,75.6
18109,170.5
18111,35.5
18113,115.7
18115,71.1
18117,49.8
18119,56
18121,39
18123,50.7
18125,38.4
18127,393
18129,63.3
18131,30.9
18133,79
18135,57.9
18137,64.6
18139,42.6
18141,583
18143,127
18145,108.1
18147,52.8
18149,75.6
18151,110.7
18153,48
18155,48.1
18157,345.7
18159,61.2
18161,46.6
18163,769.7
18165,63.1
18167,267.4
18169,79.7
18171,23.3
18173,155.1
18175,55
18177,171.5
18179,75.1
18181,48.8
18183,99.2
019,54.5
19001,13.5
19003,9.5
19005,22.4
19007,25.9
19009,13.8
19011,36.4
19013,231.7
19015,46
19017,55.7
19019,36.7
19021,35.2
19023,25.6
19025,17
19027,36.6
19029,24.7
19031,31.9
19033,77.7
19035,20.9
19037,24.7
19039,21.5
19041,29.4
19043,23.3
19045,70.7
19047,23.9
19049,112.4
19051,17.4
19053,15.9
19055,30.7
19057,96.9
19059,43.8
19061,154
19063,26
19065,28.6
19067,32.6
19069,18.4
19071,14.6
19073,16.4
19075,24.8
19077,18.5
19079,27.2
19081,19.9
19083,30.8
19085,21.4
19087,46.4
19089,20.2
19091,22.6
19093,16.4
19095,27.9
19097,31.2
19099,50.4
19101,38.7
19103,213.1
19105,35.9
19107,18.1
19109,16
19111,69.3
19113,294.6
19115,28.3
19117,20.7
19119,19.7
19121,27.9
19123,39.2
19125,60.1
19127,71
19129,34.4
19131,23
19133,13.3
19135,18.4
19137,25.3
19139,97.7
19141,25.1
19143,16.2
19145,29.8
19147,16.7
19149,29
19151,12.7
19153,750.5
19155,98
19157,32.3
19159,9.6
19161,18
19163,360.7
19165,20.6
19167,43.9
19169,156.3
19171,24.6
19173,11.9
19175,29.6
19177,15.6
19179,82.5
19181,81.1
19183,38.2
19185,12.2
19187,53.1
19189,27.1
19191,30.5
19193,117.1
19195,19
19197,22.8
020,34.9
20001,26.7
20003,14
20005,39.3
20007,4.3
20009,30.9
20011,23.9
20013,17.5
20015,46.1
20017,3.6
20019,5.7
20021,36.8
20023,2.7
20025,2.3
20027,13.2
20029,13.3
20031,13.7
20033,2.4
20035,32.3
20037,66.4
20039,3.3
20041,23.3
20043,20.2
20045,243.1
20047,4.9
20049,4.5
20051,31.6
20053,9.1
20055,28.2
20057,30.8
20059,45.5
20061,89.3
20063,2.5
20065,2.9
20067,13.6
20069,6.9
20071,1.6
20073,5.9
20075,2.7
20077,7.5
20079,64.3
20081,7.4
20083,2.2
20085,20.5
20087,35.9
20089,3.4
20091,1149.6
20093,4.6
20095,9.1
20097,3.5
20099,33.5
20101,2.4
20103,164.7
20105,4.5
20107,16.3
20109,2.6
20111,39.8
20113,32.5
20115,13.4
20117,11.2
20119,4.7
20121,57
20123,9.1
20125,55.1
20127,8.5
20129,4.4
20131,14.2
20133,28.9
20135,2.9
20137,6.5
20139,23.1
20141,4.3
20143,8.5
20145,9.2
20147,6.4
20149,25.7
20151,13.1
20153,2.4
20155,51.4
20157,6.9
20159,13.9
20161,116.6
20163,5.8
20165,4.6
20167,7.9
20169,77.2
20171,6.9
20173,499.6
20175,35.9
20177,327.1
20179,2.9
20181,5.7
20183,4.3
20185,5.6
20187,3.3
20189,7.9
20191,20.4
20193,7.4
20195,3.4
20197,8.9
20199,1.6
20201,6.5
20203,3.1
20205,16.5
20207,6.6
20209,1039
021,109.9
21001,46
21003,58
21005,106.1
21007,33.4
21009,86.5
21011,41.6
21013,79.9
21015,482.3
21017,69
21019,309.9
21021,157.8
21023,41.3
21025,28.2
21027,35.4
21029,250.2
21031,29.8
21033,37.7
21035,96.6
21037,597
21039,26.9
21041,84.1
21043,67.7
21045,35.9
21047,103.1
21049,141.1
21051,46.3
21053,52.1
21055,25.9
21057,22.5
21059,210.9
21061,40.2
21063,33.5
21065,58
21067,1042.8
21069,41.2
21071,100.3
21073,237.2
21075,33.2
21077,84.8
21079,73.5
21081,95.6
21083,67.3
21085,51.8
21087,39.4
21089,107.2
21091,45.6
21093,169.3
21095,62.9
21097,61.5
21099,44.2
21101,105.9
21103,53.9
21105,20.2
21107,86.6
21109,39.1
21111,1948.1
21113,282.3
21115,89.2
21117,996.7
21119,46.5
21121,82.5
21123,54.3
21125,135.6
21127,38.2
21129,37.8
21131,28.2
21133,72.6
21135,28.7
21137,74.1
21139,30.4
21141,48.6
21143,38.9
21145,263.6
21147,42.9
21149,37.8
21151,189.6
21153,43.2
21155,57.8
21157,104.4
21159,56.3
21161,72.8
21163,93.6
21165,31
21167,85.7
21169,34.9
21171,33.3
21173,134.3
21175,36.5
21177,67.4
21179,104
21181,36.6
21183,40.6
21185,322.2
21187,30.9
21189,24.1
21191,53.7
21193,84.5
21195,82.6
21197,70.5
21199,95.8
21201,22.8
21203,53.9
21205,83.4
21207,69.2
21209,167.4
21211,110.8
21213,74
21215,91.4
21217,92
21219,33.3
21221,32.5
21223,58.1
21225,43.8
21227,210.1
21229,39.4
21231,45.4
21233,41
21235,81.4
21237,33.1
21239,132.1
022,104.9
22001,94.3
22003,33.8
22005,369.7
22007,69.2
22009,50.5
22011,30.8
22013,17.7
22015,139.3
22017,290.2
22019,181.2
22021,19.1
22023,5.3
22025,14.7
22027,22.8
22029,29.9
22031,30.4
22033,966.6
22035,18.4
22037,44.7
22039,51.3
22041,33.2
22043,34.7
22045,127.6
22047,54
22049,28.6
22051,1463.1
22053,48.5
22055,824.6
22057,90.2
22059,23.8
22061,99.1
22063,197.5
22065,19.4
22067,35.2
22069,31.6
22071,2029.4
22073,251.8
22075,29.5
22077,40.9
22079,99.9
22081,23.4
22083,37.1
22085,28
22087,95.1
22089,189.1
22091,27.4
22093,91.5
22095,215.5
22097,90.3
22099,70.7
22101,98.4
22103,276.4
22105,153
22107,8.7
22109,90.8
22111,25.9
22113,49.4
22115,39.4
22117,70.4
22119,69.5
22121,123.6
22123,32.3
22125,38.8
22127,16.1
023,43.1
23001,230.2
23003,10.8
23005,337.2
23007,18.1
23009,34.3
23011,140.8
23013,108.8
23015,75.6
23017,27.8
23019,45.3
23021,4.4
23023,139.1
23025,13.3
23027,53.1
23029,12.8
23031,199
024,594.8
24001,177
24003,1295.9
24005,1345.5
24009,416.3
24011,103.5
24013,373.4
24015,292
24017,320.2
24019,60.3
24021,353.5
24023,46.5
24025,560.1
24027,1144.9
24029,72.9
24031,1978.2
24033,1788.8
24035,128.5
24037,294.4
24039,82.8
24041,140.7
24043,322.1
24045,263.7
24047,109.9
24510,7671.5
025,839.4
25001,548.3
25003,141.6
25005,991.3
25007,160.2
25009,1508.8
25011,102.1
25013,751
25015,299.8
25017,1837.9
25019,226.2
25021,1693.6
25023,750.9
25025,12415.6
25027,528.6
026,174.8
26001,16.2
26003,10.5
26005,135
26007,51.8
26009,49.6
26011,43.8
26013,9.9
26015,107
26017,243.7
26019,54.8
26021,276.2
26023,89.4
26025,192.8
26027,106.7
26029,62.3
26031,36.6
26033,24.7
26035,54.8
26037,133.1
26039,25.3
26041,31.7
26043,34.4
26045,187.4
26047,69.9
26049,668.5
26051,51.2
26053,14.9
26055,187.3
26057,74.7
26059,78.1
26061,36.3
26063,39.6
26065,505.1
26067,111.9
26069,47.1
26071,10.1
26073,122.8
26075,228.4
26077,445.7
26079,30.6
26081,711.5
26083,4
26085,20.3
26087,137.4
26089,62.5
26091,133.3
26093,320.2
26095,7.4
26097,10.9
26099,1754.9
26101,45.6
26103,37.1
26105,58
26107,77.1
26109,23
26111,162
26113,26.3
26115,276.7
26117,89.8
26119,17.9
26121,344.9
26123,59.6
26125,1385.7
26127,51.9
26129,38.5
26131,5.2
26133,41.5
26135,15.3
26137,46.9
26139,468.2
26141,20.3
26143,47.1
26145,250.2
26147,226.1
26149,122.4
26151,44.8
26153,7.2
26155,133.1
26157,69.4
26159,125.5
26161,488.4
26163,2974.4
26165,57.9
027,66.6
27001,8.9
27003,782.1
27005,24.7
27007,17.7
27009,94.2
27011,10.6
27013,85.6
27015,42.4
27017,41.1
27019,256.9
27021,14.1
27023,21.4
27025,129.9
27027,56.4
27029,8.7
27031,3.6
27033,18.3
27035,62.6
27037,709
27039,45.7
27041,56.5
27043,20.4
27045,24.2
27047,44.2
27049,61
27051,11
27053,2081.7
27055,34.5
27057,22.1
27059,86.8
27061,16.9
27063,14.6
27065,31.1
27067,53
27069,4.1
27071,4.3
27073,9.5
27075,5.2
27077,3.1
27079,61.7
27081,11
27083,36.2
27085,74.6
27087,9.7
27089,5.3
27091,29.3
27093,38.3
27095,45.6
27097,29.5
27099,55.1
27101,12.4
27103,73
27105,29.9
27107,7.9
27109,220.8
27111,29.1
27113,22.6
27115,21.1
27117,20.6
27119,16
27121,16.4
27123,3341.6
27125,9.5
27127,18.3
27129,16
27131,129.4
27133,20.1
27135,9.3
27137,32
27139,364.5
27141,204.4
27143,25.9
27145,112.2
27147,85.1
27149,17.3
27151,13.2
27153,26.3
27155,6.2
27157,41.4
27159,25.8
27161,45.2
27163,619.7
27165,25.8
27167,8.8
27169,82.2
27171,188.5
27173,13.8
028,63.2
28001,69.8
28003,92.6
28005,18
28007,26.6
28009,21.5
28011,39
28013,25.5
28015,16.9
28017,34.7
28019,20.4
28021,19.7
28023,24.2
28025,50.3
28027,47.3
28029,37.9
28031,47.3
28033,338.7
28035,160.7
28037,14.4
28039,47.2
28041,20.2
28043,51.9
28045,92.7
28047,326
28049,282
28051,25.4
28053,22.4
28055,3.4
28057,43.9
28059,193.2
28061,25.2
28063,14.9
28065,30.6
28067,97.5
28069,13.6
28071,75
28073,112
28075,114.1
28077,30
28079,40.8
28081,184.3
28083,54.5
28085,59.5
28087,118.3
28089,133.2
28091,49.9
28093,52.6
28095,48.3
28097,26.8
28099,52.1
28101,37.6
28103,16.6
28105,104
28107,50.7
28109,68.9
28111,18.9
28113,98.8
28115,60.2
28117,60.9
28119,20.3
28121,182.6
28123,46.4
28125,11.4
28127,46.7
28129,25.9
28131,39.9
28133,42.2
28135,23.8
28137,71.4
28139,48.6
28141,46.2
28143,23.7
28145,65.3
28147,38.2
28149,82.9
28151,70.6
28153,25.6
28155,24.4
28157,14.6
28159,31.6
28161,27.1
28163,30.4
029,87.1
29001,45.1
29003,40
29005,10.4
29007,36.9
29009,45.7
29011,21
29013,20.4
29015,27.1
29017,20
29019,237.3
29021,218.6
29023,61.6
29025,22.1
29027,53.1
29029,67.1
29031,130.8
29033,13.4
29035,12.3
29037,142.8
29039,29.5
29041,10.4
29043,137.6
29045,14.1
29047,558.6
29049,49.5
29051,193
29053,31.2
29055,33.3
29057,16.1
29059,31
29061,15
29063,30.6
29065,20.8
29067,16.8
29069,59.1
29071,110
29073,29.4
29075,13.7
29077,407.5
29079,23.6
29081,12.4
29083,32
29085,24.1
29087,10.6
29089,21.9
29091,43.6
29093,19.3
29095,1115.3
29097,183.9
29099,333.1
29101,63.4
29103,8.2
29105,46.5
29107,53.1
29109,63.2
29111,20.2
29113,83.9
29115,20.7
29117,28.5
29119,42.8
29121,19.4
29123,24.7
29125,17.4
29127,65.9
29129,8.3
29131,41.8
29133,34.9
29135,37.6
29137,13.6
29139,22.8
29141,34.4
29143,28.1
29145,93
29147,26.6
29149,13.8
29151,23
29153,13.1
29155,37.1
29157,40
29159,61.9
29161,67.2
29163,27.6
29165,212.6
29167,49
29169,95.5
29171,9.6
29173,21.6
29175,52.7
29177,41.3
29179,8.3
29181,22.4
29183,643.2
29185,14.6
29186,36.4
29187,144.6
29189,1967.2
29195,30.9
29197,14.4
29199,11.1
29201,93.3
29203,8.4
29205,12.7
29207,36.4
29209,69.4
29211,10.4
29213,81.7
29215,22.1
29217,25.6
29219,75.9
29221,33.2
29223,17.8
29225,61.1
29227,8.1
29229,27.6
29510,5157.5
030,6.8
30001,1.7
30003,2.6
30005,1.5
30007,4.7
30009,4.9
30011,0.3
30013,30.1
30015,1.5
30017,3.1
30019,1.2
30021,3.8
30023,12.6
30025,1.8
30027,2.7
30029,17.9
30031,34.4
30033,0.3
30035,4.5
30037,0.8
30039,1.8
30041,5.6
30043,6.9
30045,1.1
30047,19.3
30049,18.3
30051,1.6
30053,5.4
30055,0.7
30057,2.1
30059,0.8
30061,3.5
30063,42.1
30065,2.4
30067,5.6
30069,0.3
30071,0.8
30073,3.8
30075,0.5
30077,3
30079,0.7
30081,16.8
30083,4.7
30085,4.4
30087,1.8
30089,4.1
30091,2
30093,47.6
30095,5.1
30097,2
30099,2.7
30101,2.8
30103,0.7
30105,1.5
30107,1.5
30109,1.1
30111,56.2
031,23.8
31001,55.7
31003,7.8
31005,0.6
31007,0.9
31009,0.7
31011,8
31013,10.5
31015,3.9
31017,2.6
31019,47.6
31021,14
31023,14.4
31025,45.3
31027,12
31029,4.4
31031,1
31033,8.4
31035,11.4
31037,25.5
31039,16
31041,4.2
31043,79.5
31045,6.6
31047,24
31049,4.4
31051,12.6
31053,69.4
31055,1574.4
31057,2.2
31059,10.2
31061,5.6
31063,2.8
31065,6.9
31067,26.2
31069,1.2
31071,3.6
31073,4.5
31075,0.8
31077,4.5
31079,107.3
31081,16.8
31083,6.2
31085,1.4
31087,4.1
31089,4.3
31091,1
31093,11
31095,13.2
31097,13.9
31099,12.6
31101,7.9
31103,1.1
31105,4
31107,7.9
31109,340.8
31111,14.2
31113,1.3
31115,1.1
31117,0.6
31119,60.9
31121,16.2
31123,3.5
31125,8.5
31127,17.8
31129,7.8
31131,25.6
31133,6.4
31135,3.4
31137,17
31139,12.7
31141,47.8
31143,12.3
31145,15.4
31147,15.2
31149,1.5
31151,24.7
31153,664.6
31155,27.7
31157,50
31159,29.3
31161,2.2
31163,5.6
31165,0.6
31167,14.3
31169,9.1
31171,0.9
31173,17.6
31175,7.5
31177,51.9
31179,21.7
31181,6.6
31183,1.4
31185,23.9
032,24.6
32001,5
32003,247.3
32005,66.2
32007,2.8
32009,0.2
32011,0.5
32013,1.7
32015,1.1
32017,0.5
32019,26
32021,1.3
32023,2.4
32027,1.1
32029,15.3
32031,66.9
32033,1.1
32510,382.1
033,147
33001,150.1
33003,51.4
33005,109.1
33007,18.4
33009,52.2
33011,457.4
33013,156.8
33015,425
33017,333.7
33019,81.4
034,1195.5
34001,494.1
34003,3884.5
34005,561.9
34007,2321.5
34009,386.9
34011,324.4
34013,6211.5
34015,895.3
34017,13731.4
34019,300
34021,1632.2
34023,2621.6
34025,1344.7
34027,1069.8
34029,917
34031,2715.3
34033,199.1
34035,1071.7
34037,287.6
34039,5216.1
34041,304.5
035,17
35001,570.8
35003,0.5
35005,10.8
35006,6
35007,3.7
35009,34.4
35011,0.9
35013,55
35015,12.9
35017,7.4
35019,1.5
35021,0.3
35023,1.4
35025,14.7
35027,4.2
35028,164.4
35029,8.5
35031,13.1
35033,2.5
35035,9.6
35037,3.1
35039,6.9
35041,8.1
35043,35.5
35045,23.6
35047,6.2
35049,75.5
35051,2.9
35053,2.7
35055,15
35057,4.9
35059,1.2
35061,71.8
036,411.2
36001,581.9
36003,47.6
36005,32903.3
36007,284.2
36009,61.4
36011,115.7
36013,127.2
36015,218.1
36017,56.5
36019,79.1
36021,99.4
36023,98.9
36025,33.3
36027,373.9
36029,881.4
36031,21.9
36033,31.7
36035,112.1
36037,121.9
36039,76.1
36041,2.8
36043,45.7
36045,91.6
36047,35369.2
36049,21.3
36051,103.5
36053,112.2
36055,1132.6
36057,124.6
36059,4704.8
36061,69468.4
36063,414.4
36065,193.7
36067,600
36069,167.6
36071,459.3
36073,109.6
36075,128.3
36077,62.2
36079,432.9
36081,20553.6
36083,244.4
36085,8030.3
36087,1795.9
36089,41.8
36091,271.1
36093,756.6
36095,52.7
36097,55.9
36099,108.9
36101,71.2
36103,1637.4
36105,80.1
36107,98.6
36109,214
36111,162.3
36113,75.8
36115,76.1
36117,155.3
36119,2204.7
36121,71.1
36123,75
037,196.1
37001,356.5
37003,143.1
37005,47.5
37007,50.7
37009,64
37011,72
37013,57.7
37015,30.4
37017,40.2
37019,126.8
37021,362.9
37023,179.3
37025,492.1
37027,176.1
37029,41.5
37031,131.3
37033,55.8
37035,387.1
37037,93.1
37039,60.3
37041,85.8
37043,49.3
37045,211.3
37047,62
37049,146
37051,489.7
37053,89.9
37055,88.5
37057,294.7
37059,156.1
37061,71.7
37063,935.7
37065,111.9
37067,859.2
37069,123.3
37071,578.8
37073,35.8
37075,30.3
37077,112.7
37079,80.3
37081,756.4
37083,75.5
37085,192.7
37087,106.6
37089,286.1
37091,69.9
37093,120.2
37095,9.5
37097,277.8
37099,82.1
37101,213.4
37103,21.6
37105,227
37107,148.5
37109,262.7
37111,102.1
37113,65.8
37115,46.2
37117,53.1
37119,1755.5
37121,70.4
37123,56.5
37125,126.5
37127,177.3
37129,1058.1
37131,41.2
37133,233.1
37135,336.2
37137,39.1
37139,179.2
37141,60
37143,54.4
37145,100.6
37147,257.9
37149,86.3
37151,181.1
37153,98.4
37155,141.3
37157,165.6
37159,270.7
37161,120.2
37163,67.1
37165,113.4
37167,153.3
37169,105.6
37171,138.4
37173,26.5
37175,87.4
37177,11.3
37179,318.7
37181,179.2
37183,1078.8
37185,48.9
37187,38
37189,163.4
37191,221.7
37193,91.9
37195,220.6
37197,114.7
37199,57
038,9.7
38001,2.4
38003,7.4
38005,4.8
38007,0.7
38009,3.9
38011,2.7
38013,1.8
38015,49.8
38017,84.9
38019,2.7
38021,4.7
38023,1.6
38025,1.8
38027,3.8
38029,2.4
38031,5.3
38033,1.7
38035,46.5
38037,1.4
38039,3.4
38041,2.2
38043,1.8
38045,3.6
38047,2
38049,2.9
38051,2.9
38053,2.3
38055,4.2
38057,8.1
38059,14.3
38061,4.2
38063,3.2
38065,2.6
38067,6.6
38069,4.3
38071,9.6
38073,6.3
38075,2.8
38077,11.4
38079,15.4
38081,4.5
38083,1.4
38085,3.8
38087,0.6
38089,18.1
38091,2.8
38093,9.5
38095,2.2
38097,9.4
38099,8.7
38101,30.6
38103,3.3
38105,10.8
039,282.3
39001,48.9
39003,264.2
39005,125.6
39007,144.6
39009,128.6
39011,114.5
39013,132.3
39015,91.5
39017,788.2
39019,73.1
39021,93.5
39023,348
39025,436.5
39027,102.9
39029,202.7
39031,65.4
39033,109
39035,2800
39037,88.5
39039,94.9
39041,393.2
39043,306.4
39045,289.8
39047,71.4
39049,2186.1
39051,105.3
39053,66.3
39055,233.4
39057,390.5
39059,76.8
39061,1976.7
39063,140.7
39065,68.1
39067,39.4
39069,67.8
39071,78.8
39073,69.7
39075,100.3
39077,121.3
39079,79
39081,170.7
39083,115.9
39085,1011.2
39087,137.7
39089,243.9
39091,100
39093,613.6
39095,1296.2
39097,93.2
39099,580.2
39101,164.7
39103,409
39105,55.3
39107,88.3
39109,252.1
39111,32.1
39113,1159.5
39115,36.2
39117,85.8
39119,129.5
39121,36.8
39123,162.5
39125,47.1
39127,88.4
39129,111.1
39131,65.2
39133,331.2
39135,99.7
39137,71.5
39139,251.3
39141,113.3
39143,149.2
39145,130.3
39147,103
39149,121.2
39151,652.9
39153,1312.6
39155,340.1
39157,163.1
39159,121.1
39161,70.3
39163,32.6
39165,530
39167,97.8
39169,206.4
39171,89.4
39173,203.3
39175,55.6
040,54.7
40001,39.6
40003,6.5
40005,14.5
40007,3.1
40009,24.5
40011,12.9
40013,46.9
40015,23.2
40017,128.9
40019,57.8
40021,62.7
40023,19.7
40025,1.3
40027,474.7
40029,11.5
40031,116.1
40033,9.8
40035,19.7
40037,73.6
40039,27.8
40041,56.2
40043,4.8
40045,3.4
40047,57.2
40049,34.4
40051,47.6
40053,4.5
40055,9.8
40057,5.4
40059,3.5
40061,22.1
40063,17.4
40065,32.9
40067,8.5
40069,17
40071,50.6
40073,16.7
40075,9.3
40077,15.4
40079,31.7
40081,36
40083,56.3
40085,18.3
40087,60.5
40089,17.9
40091,32.7
40093,7.9
40095,42.7
40097,63
40099,32.4
40101,87.6
40103,15.8
40105,18.6
40107,19.7
40109,1013.8
40111,57.5
40113,21.1
40115,67.6
40117,29.2
40119,113
40121,35.1
40123,52
40125,88.2
40127,8.3
40129,3.2
40131,128.6
40133,40.3
40135,63
40137,51.8
40139,10.1
40141,9.2
40143,1058.1
40145,130.1
40147,122.7
40149,11.6
40151,6.9
40153,16.2
041,39.9
41001,5.3
41003,126.6
41005,201
41007,44.7
41009,75.1
41011,39.5
41013,7
41015,13.7
41017,52.3
41019,21.4
41021,1.6
41023,1.6
41025,0.7
41027,42.8
41029,73
41031,12.2
41033,50.4
41035,11.2
41037,1
41039,77.2
41041,47
41043,50.9
41045,3.2
41047,266.7
41049,5.5
41051,1704.9
41053,101.8
41055,2.1
41057,22.9
41059,23.6
41061,12.6
41063,2.2
41065,10.6
41067,731.4
41069,0.8
41071,138.6
042,283.9
42001,195.5
42003,1675.6
42005,105.5
42007,392.3
42009,49.2
42011,480.4
42013,241.7
42015,54.6
42017,1034.7
42019,233.1
42021,208.7
42023,12.8
42025,171.1
42027,138.7
42029,664.7
42031,66.6
42033,71.3
42035,44.2
42037,139.3
42039,87.7
42041,431.6
42043,510.6
42045,3040.5
42047,38.6
42049,351.1
42051,172.8
42053,18.1
42055,193.7
42057,33.9
42059,67.2
42061,52.5
42063,107.5
42065,69.3
42067,63
42069,467.1
42071,550.4
42073,254.4
42075,369.1
42077,1012.5
42079,360.4
42081,94.5
42083,44.4
42085,173.4
42087,113.6
42089,279.2
42091,1655.9
42093,140.3
42095,805.4
42097,206.2
42099,83.4
42101,11379.5
42103,105.3
42105,16.1
42107,190.4
42109,120.8
42111,72.4
42113,14.3
42115,52.7
42117,37
42119,142.2
42121,81.5
42123,47.3
42125,242.5
42127,72.8
42129,355.4
42131,71.2
42133,481.1
044,1018.1
44001,2064
44003,985.9
44005,809.6
44007,1530.3
44009,385.7
045,153.9
45001,51.8
45003,149.5
45005,25.5
45007,261.6
45009,40.6
45011,41.2
45013,281.5
45015,161.8
45017,39.8
45019,382.3
45021,140.9
45023,57.1
45025,58.5
45027,57.6
45029,36.8
45031,122.4
45033,79.2
45035,238.2
45037,53.9
45039,34.9
45041,171.1
45043,73.9
45045,574.7
45047,153.2
45049,37.7
45051,237.5
45053,37.8
45055,84.9
45057,139.6
45059,93.2
45061,46.9
45063,375.4
45065,28.5
45067,67.6
45069,60.3
45071,59.5
45073,118.6
45075,83.6
45077,240.2
45079,507.9
45081,43.9
45083,351.9
45085,161.6
45087,56.3
45089,36.8
45091,332.2
046,10.7
46003,3.8
46005,13.8
46007,2.9
46009,12.5
46011,40.3
46013,21.3
46015,6.4
46017,4.1
46019,4.5
46021,2
46023,8.3
46025,3.9
46027,33.6
46029,39.5
46031,1.6
46033,5.3
46035,44.8
46037,5.6
46039,7
46041,2.3
46043,7
46045,3.6
46047,4.1
46049,2.4
46051,10.8
46053,4.2
46055,1.1
46057,11.6
46059,2.4
46061,7.7
46063,0.5
46065,23
46067,9
46069,1.7
46071,1.6
46073,3.9
46075,1
46077,6.2
46079,19.9
46081,30.1
46083,77.7
46085,2.3
46087,9.8
46089,2.2
46091,5.6
46093,7.3
46095,1.6
46097,4.2
46099,210
46101,12.5
46103,36.4
46105,1
46107,2.7
46109,9.2
46111,4.1
46113,6.5
46115,4.3
46117,2.1
46119,1.4
46121,6.9
46123,3.5
46125,13.5
46127,31.3
46129,7.7
46135,43.1
46137,1.4
047,153.9
47001,222.8
47003,95.1
47005,41.8
47007,31.7
47009,220.2
47011,301
47013,84.8
47015,52
47017,47.6
47019,168.3
47021,129.3
47023,60
47025,74.1
47027,33.2
47029,82.1
47031,123.1
47033,54.9
47035,82.3
47037,1243.3
47039,35.2
47041,61.5
47043,101.4
47045,74.8
47047,54.5
47049,36
47051,74
47053,82.4
47055,48.3
47057,80.7
47059,110.6
47061,38
47063,388
47065,620.3
47067,30.7
47069,40.8
47071,45.1
47073,116.7
47075,35.2
47077,53.4
47079,57.5
47081,40.3
47083,42.1
47085,34.9
47087,37.7
47089,187.6
47091,61.1
47093,850.5
47095,47.2
47097,58.9
47099,67.8
47101,43.1
47103,58.5
47105,211.8
47107,121.5
47109,46.3
47111,72.4
47113,176.4
47115,56.7
47117,81.5
47119,132
47121,60.2
47123,70
47125,319.6
47127,49.2
47129,42.1
47131,58.4
47133,50.9
47135,19.1
47137,31.2
47139,38.7
47141,180.3
47143,100.9
47145,150.2
47147,139.2
47149,424
47151,41.8
47153,53.1
47155,151.7
47157,1215.5
47159,61
47161,29
47163,379.4
47165,303.4
47167,133.3
47169,68.9
47171,98.4
47173,85.5
47175,20.3
47177,92.1
47179,376.7
47181,23.2
47183,60.3
47185,68.6
47187,314.4
47189,199.7
048,96.3
48001,55
48003,9.9
48005,108.8
48007,91.9
48009,10
48011,2.1
48013,36.8
48015,44
48017,8.7
48019,25.9
48021,83.5
48023,4.3
48025,36.2
48027,295.2
48029,1383.1
48031,14.8
48033,0.7
48035,18.5
48037,104.6
48039,230.7
48041,332.8
48043,1.5
48045,1.8
48047,7.7
48049,40.3
48051,26.1
48053,43
48055,69.8
48057,42.2
48059,15.1
48061,456
48063,63.3
48065,6.7
48067,32.5
48069,9
48071,58.8
48073,48.3
48075,10.1
48077,9.9
48079,4
48081,3.6
48083,7
48085,930
48087,3.3
48089,21.7
48091,193.9
48093,14.9
48095,4.2
48097,43.9
48099,71.7
48101,1.7
48103,5.6
48105,1.3
48107,6.7
48109,0.6
48111,4.5
48113,2718
48115,15.4
48117,12.9
48119,20.4
48121,754.3
48123,22.1
48125,2.7
48127,7.5
48129,4
48131,6.6
48133,20.1
48135,152.8
48137,0.9
48139,159.9
48141,790.6
48143,35
48145,23.3
48147,38.1
48149,25.8
48151,4.4
48153,6.5
48155,1.9
48157,679.5
48159,37.3
48161,22.6
48163,15.2
48165,11.7
48167,769.9
48169,7.2
48171,23.5
48173,1.4
48175,8.5
48177,18.6
48179,24.3
48181,129.6
48183,445.4
48185,33.8
48187,184.9
48189,36.1
48191,3.8
48193,10.2
48195,6.1
48197,6
48199,61.3
48201,2402.4
48203,72.9
48205,4.1
48207,6.5
48209,231.7
48211,4.2
48213,89.9
48215,493.2
48217,36.6
48219,25.2
48221,121.7
48223,45.8
48225,19.3
48227,38.9
48229,0.8
48231,102.5
48233,25
48235,1.5
48237,9.9
48239,17
48241,38
48243,1
48245,287.9
48247,4.7
48249,47.2
48251,208.3
48253,21.8
48255,19.8
48257,132.4
48259,50.4
48261,0.3
48263,0.9
48265,45
48267,3.7
48269,0.3
48271,2.6
48273,36.4
48275,4.4
48277,54.9
48279,13.8
48281,27.6
48283,4.6
48285,19.9
48287,26.4
48289,15.7
48291,65.3
48293,25.8
48295,3.5
48297,11.1
48299,20.7
48301,0.1
48303,311.3
48305,6.6
48307,7.8
48309,226.5
48311,0.6
48313,29.3
48315,27.7
48317,5.2
48319,4.3
48321,33.4
48323,42.4
48325,34.7
48327,2.5
48329,152
48331,24.3
48333,6.6
48335,10.3
48337,21.2
48339,437.5
48341,24.3
48343,51.3
48345,1.2
48347,68.2
48349,47.3
48351,15.5
48353,16.7
48355,405.8
48357,11.1
48359,1.4
48361,245.3
48363,29.5
48365,29.7
48367,129.4
48369,11.7
48371,3.3
48373,43
48375,133.3
48377,2
48379,47.6
48381,132.4
48383,2.9
48385,4.7
48387,12.4
48389,5.2
48391,9.6
48393,1
48395,19.4
48397,616.7
48399,10
48401,57.7
48403,22
48405,16.7
48407,46.3
48409,93.5
48411,5.4
48413,2.6
48415,18.7
48417,3.7
48419,32
48421,3.3
48423,227.6
48425,45.5
48427,49.8
48429,10.7
48431,1.2
48433,1.6
48435,2.8
48437,8.8
48439,2094.7
48441,143.6
48443,0.4
48445,14.2
48447,1.8
48449,79.6
48451,72.4
48453,1034.4
48455,21
48457,23.5
48459,67.4
48461,2.7
48463,17
48465,15.5
48467,62.4
48469,98.4
48471,86.5
48473,84.1
48475,12.8
48477,55.8
48479,74.5
48481,38
48483,5.9
48485,209.5
48487,13.9
48489,37.5
48491,378
48493,53.4
48495,8.5
48497,65.4
48499,65
48501,9.9
48503,20.3
48505,14
48507,9
049,33.6
49001,2.6
49003,8.7
49005,96.7
49007,14.5
49009,1.5
49011,1025.8
49013,5.7
49015,2.5
49017,1
49019,2.5
49021,14
49023,3
49025,1.8
49027,1.9
49029,15.5
49031,2.1
49033,2.2
49035,1387.1
49037,1.9
49039,17.5
49041,10.9
49043,19.4
49045,8.4
49047,7.3
49049,257.8
49051,20
49053,56.9
49055,1.1
49057,401.4
050,67.9
50001,48
50003,55
50005,48.1
50007,291.7
50009,9.5
50011,75.3
50013,85.2
50015,53.3
50017,42.1
50019,39.3
50021,66.3
50023,86.6
50025,56.7
50027,58.5
051,202.6
51001,73.8
51003,137.3
51005,36.5
51007,35.7
51009,68.3
51011,44.9
51013,7993.5
51015,76.3
51017,8.9
51019,91.2
51021,19.1
51023,61.2
51025,30.8
51027,47.9
51029,29.6
51031,108.8
51033,54.1
51035,63.3
51036,39.7
51037,26.5
51041,747.1
51043,79.7
51045,15.7
51047,123.1
51049,33.8
51051,48.1
51053,55.6
51057,43.4
51059,2766.8
51061,100.7
51063,40.2
51065,89.8
51067,81.3
51069,189.4
51071,48.6
51073,169.2
51075,77.2
51077,35.1
51079,117.8
51081,41.5
51083,44.3
51085,213.1
51087,1313.4
51089,141.6
51091,5.6
51093,111.8
51095,470.4
51097,22
51099,131.3
51101,58.2
51103,85.5
51105,58.8
51107,605.8
51109,66.8
51111,29.9
51113,41.5
51115,104.5
51117,52.3
51119,84.1
51121,243.9
51125,31.9
51127,87.9
51131,58.5
51133,64.5
51135,50.4
51137,98.2
51139,77.3
51141,38.3
51143,65.5
51145,107.8
51147,66.8
51149,134.7
51153,1195
51155,109
51157,27.7
51159,48.3
51161,368.7
51163,37.3
51165,89.9
51167,61
51169,43.3
51171,82.5
51173,71.4
51175,31
51177,304.9
51179,479.5
51181,25.3
51183,24.7
51185,86.9
51187,176
51191,97.8
51193,76.1
51195,102.8
51197,63.3
51199,624.8
51510,9314.3
51515,904.6
51520,1370.6
51530,992
51540,4246.3
51550,652
51570,2315.3
51580,1090.1
51590,1002.8
51595,859.8
51600,3616.6
51610,6169.8
51620,1045.8
51630,2326.2
51640,854.7
51650,2673.2
51660,2808.2
51670,2197.9
51678,2820.3
51680,1538.2
51683,3827.8
51685,5633.1
51690,1261.5
51700,2630
51710,4486.3
51720,529.1
51730,1413.8
51735,793.3
51740,2838.9
51750,1662.2
51760,3414.7
51770,2279.8
51775,1718
51790,1188.8
51800,211.4
51810,1758.9
51820,1396.8
51830,1559.3
51840,2838.1
053,101.2
53001,9.7
53003,34
53005,103
53007,24.8
53009,41.1
53011,676.2
53013,4.7
53015,89.8
53017,21.1
53019,3.4
53021,62.9
53023,3.2
53025,33.3
53027,38.3
53029,376.6
53031,16.6
53033,912.9
53035,635.9
53037,17.8
53039,10.9
53041,31.4
53043,4.6
53045,63.3
53047,7.8
53049,22.4
53051,9.3
53053,476.3
53055,90.7
53057,67.5
53059,6.7
53061,341.8
53063,267.2
53065,17.6
53067,349.4
53069,15.1
53071,46.3
53073,95.5
53075,20.7
53077,56.6
054,77.1
54001,48.6
54003,324.4
54005,49.1
54007,28.4
54009,269.8
54011,342.8
54013,27.3
54015,27.5
54017,25.7
54019,69.6
54021,25.7
54023,25
54025,34.8
54027,37.4
54029,371.3
54031,24.1
54033,166.1
54035,62.9
54037,255.2
54039,214.1
54041,42.5
54043,49.7
54045,81
54047,41.5
54049,182.7
54051,108.4
54053,63.4
54055,148.6
54057,86.1
54059,63.4
54061,267.1
54063,28.6
54065,76.6
54067,40.6
54069,420
54071,11.1
54073,58.5
54075,9.3
54077,51.7
54079,160.5
54081,130.3
54083,28.3
54085,23.1
54087,30.9
54089,38.6
54091,97.8
54093,17
54095,35.9
54097,68.4
54099,84
54101,16.5
54103,46.3
54105,24.6
54107,237.4
54109,47.6
055,105
55001,32.3
55003,15.5
55005,53.2
55007,10.2
55009,468.2
55011,20.2
55013,18.8
55015,153.9
55017,61.9
55019,28.7
55021,74.2
55023,29.2
55025,407.7
55027,101.4
55029,57.6
55031,33.9
55033,51.6
55035,154.8
55037,9.1
55039,141.2
55041,9.2
55043,44.7
55045,63.1
55047,54.5
55049,31.1
55051,7.8
55053,20.7
55055,150.4
55057,34.8
55059,611.9
55061,60.1
55063,253.8
55065,26.6
55067,22.9
55069,32.7
55071,138.3
55073,86.8
55075,29.8
55077,33.8
55078,11.8
55079,3926
55081,49.6
55083,37.7
55085,32.3
55087,277.2
55089,370.7
55091,32.2
55093,71.5
55095,48.4
55097,87.4
55099,11.3
55101,587.7
55103,30.7
55105,223.3
55107,16.2
55109,116.8
55111,74.6
55113,13.2
55115,47
55117,225.9
55119,21.2
55121,39.3
55123,37.6
55125,25
55127,184.2
55129,20
55131,306.2
55133,709.4
55135,70.1
55137,39.1
55139,384.3
55141,94.2
056,5.8
56001,8.5
56003,3.7
56005,9.6
56007,2
56009,3.3
56011,2.5
56013,4.4
56015,6
56017,2.4
56019,2.1
56021,34.2
56023,4.4
56025,14.1
56027,0.9
56029,4.1
56031,4.2
56033,11.5
56035,2.1
56037,4.2
56039,5.3
56041,10.1
56043,3.8
56045,3
072,1088.2
72001,292.1
72003,1360
72005,1668.5
72007,952.6
72009,827.2
72011,744.8
72013,765.7
72015,1304.3
72017,1327.6
72019,885.1
72021,4695.3
72023,723.5
72025,2438.6
72027,758.5
72029,1449.8
72031,3900.3
72033,5808.6
72035,926.5
72037,469.5
72039,282.3
72041,1207.1
72043,519.3
72045,731.6
72047,872.4
72049,156.4
72051,1653
72053,1238.7
72054,833.7
72055,524.3
72057,698
72059,510.5
72061,3550.7
72063,1626.9
72065,1004.1
72067,1520.6
72069,1306.4
72071,825.1
72073,373.7
72075,841.9
72077,1521
72079,429.6
72081,500.5
72083,213.1
72085,1141.5
72087,1552.2
72089,777.5
72091,977.5
72093,171.4
72095,580.3
72097,1147.3
72099,796.7
72101,838.9
72103,517.2
72105,1109.5
72107,368.2
72109,412.8
72111,544.2
72113,1449.3
72115,1142.7
72117,1063.8
72119,895.8
72121,705.1
72123,448
72125,651.9
72127,8262.3
72129,773.1
72131,602.5
72133,684.1
72135,2741.5
72137,3855.7
72139,3604.4
72141,292
72143,1440.8
72145,1301.1
72147,183.2
72149,731.6
72151,687.2
72153,616.5
